State_Name,District_Name,Year,T2M,RH2M,PRECTOTCORR
uttar pradesh,agra,2015,26.391287671232845,43.29586301369864,589.3499999999998
uttar pradesh,agra,2016,26.95371584699452,42.14685792349726,771.7599999999998
uttar pradesh,agra,2017,27.219095890410966,39.360767123287694,454.05999999999983
uttar pradesh,agra,2018,26.341506849315067,46.32767123287667,857.9799999999996
uttar pradesh,agra,2019,26.030219178082195,50.75860273972602,698.9
uttar pradesh,agra,2020,26.19669398907103,46.16226775956282,510.4000000000001
uttar pradesh,agra,2021,25.944027397260275,51.01701369863012,852.2099999999997
uttar pradesh,agra,2022,26.2357260273973,52.310931506849336,775.5800000000003
uttar pradesh,agra,2023,25.901095890410968,51.30161643835618,687.78
uttar pradesh,agra,2024,25.917786885245928,53.5827322404371,1016.9000000000004
rajasthan,ajmer,2015,25.430602739726034,41.965397260273974,430.87
rajasthan,ajmer,2016,25.97229508196723,42.85999999999998,593.3600000000001
rajasthan,ajmer,2017,25.555999999999987,41.10484931506849,509.91999999999996
rajasthan,ajmer,2018,25.934876712328737,37.580219178082196,393.42999999999995
rajasthan,ajmer,2019,24.98482191780824,49.89808219178078,727.7900000000001
rajasthan,ajmer,2020,25.280710382513647,46.57295081967212,512.03
rajasthan,ajmer,2021,25.759397260273968,47.151808219178115,599.8899999999998
rajasthan,ajmer,2022,25.680575342465744,48.810712328767146,719.4399999999998
rajasthan,ajmer,2023,24.763835616438346,51.7091780821918,846.7599999999998
rajasthan,ajmer,2024,25.712814207650283,48.965983606557394,706.1299999999999
uttar pradesh,aligarh,2015,25.844438356164382,43.22282191780824,631.44
uttar pradesh,aligarh,2016,26.455519125683054,40.87461748633879,686.0699999999998
uttar pradesh,aligarh,2017,26.21224657534248,42.04350684931507,589.06
uttar pradesh,aligarh,2018,25.771424657534247,46.9992602739726,782.1699999999997
uttar pradesh,aligarh,2019,25.709917808219174,49.258054794520525,601.4199999999994
uttar pradesh,aligarh,2020,25.511803278688525,47.7306010928962,555.7599999999999
uttar pradesh,aligarh,2021,24.9744383561644,53.84882191780821,971.4200000000001
uttar pradesh,aligarh,2022,25.69690410958905,53.555342465753434,749.9399999999997
uttar pradesh,aligarh,2023,25.13339726027397,53.60934246575342,782.8899999999998
uttar pradesh,aligarh,2024,25.65379781420767,51.659672131147545,817.6299999999997
rajasthan,alwar,2015,25.927698630136987,41.89156164383561,544.2899999999997
rajasthan,alwar,2016,26.694699453551923,39.60699453551913,688.1199999999998
rajasthan,alwar,2017,26.629890410958925,38.14479452054796,444.86000000000007
rajasthan,alwar,2018,26.08183561643838,43.206931506849344,733.2199999999999
rajasthan,alwar,2019,25.751397260273972,47.86087671232877,602.6900000000003
rajasthan,alwar,2020,25.69210382513662,45.61423497267762,517.23
rajasthan,alwar,2021,25.448739726027398,51.00621917808221,902.13
rajasthan,alwar,2022,26.124794520547955,50.163178082191855,729.43
rajasthan,alwar,2023,25.552547945205472,49.54095890410962,648.9499999999999
rajasthan,alwar,2024,25.829398907103855,50.56456284153004,895.8200000000003
uttar pradesh,ambedkar nagar,2015,26.68701369863013,49.065205479452025,786.6800000000005
uttar pradesh,ambedkar nagar,2016,26.43926229508196,52.392513661202166,1054.1700000000003
uttar pradesh,ambedkar nagar,2017,26.49353424657536,53.75783561643838,1037.4099999999994
uttar pradesh,ambedkar nagar,2018,26.118027397260274,52.51901369863015,1016.9799999999997
uttar pradesh,ambedkar nagar,2019,25.829342465753406,59.24301369863009,1204.3899999999992
uttar pradesh,ambedkar nagar,2020,24.654972677595648,64.13775956284162,1253.3799999999992
uttar pradesh,ambedkar nagar,2021,25.13879452054796,61.913726027397246,1552.06
uttar pradesh,ambedkar nagar,2022,25.53758904109592,61.7478356164383,982.4199999999998
uttar pradesh,ambedkar nagar,2023,26.074273972602718,56.2991780821918,893.5999999999999
uttar pradesh,ambedkar nagar,2024,26.24344262295082,56.25297814207647,1019.7399999999999
uttar pradesh,amethi,2015,26.99936986301371,46.32041095890415,677.5599999999998
uttar pradesh,amethi,2016,26.415546448087426,52.46683060109288,1010.2099999999999
uttar pradesh,amethi,2017,26.599945205479436,51.533205479452064,879.8999999999994
uttar pradesh,amethi,2018,26.551205479452076,49.99435616438357,882.7799999999996
uttar pradesh,amethi,2019,25.900109589041108,57.782328767123296,1130.2099999999994
uttar pradesh,amethi,2020,24.705765027322396,62.42568306010923,1062.5199999999998
uttar pradesh,amethi,2021,25.32323287671232,58.91295890410961,1192.5100000000007
uttar pradesh,amethi,2022,25.83698630136988,57.833452054794485,897.2900000000001
uttar pradesh,amethi,2023,26.079260273972594,54.749506849315075,824.1699999999996
uttar pradesh,amethi,2024,26.32114754098359,54.43573770491799,863.5299999999996
uttar pradesh,amroha,2015,25.013013698630125,50.20397260273974,1020.2599999999993
uttar pradesh,amroha,2016,25.915109289617483,43.589999999999975,797.5999999999999
uttar pradesh,amroha,2017,25.786109589041118,46.73210958904108,795.2399999999997
uttar pradesh,amroha,2018,25.237178082191814,50.3037808219178,972.3799999999995
uttar pradesh,amroha,2019,25.25756164383562,51.77673972602738,772.4899999999998
uttar pradesh,amroha,2020,24.589590163934442,53.554180327868885,848.6399999999998
uttar pradesh,amroha,2021,24.619424657534253,54.91986301369863,1161.95
uttar pradesh,amroha,2022,25.222794520547954,57.2771506849315,890.7199999999998
uttar pradesh,amroha,2023,24.639424657534256,57.942027397260325,1093.5599999999993
uttar pradesh,amroha,2024,25.329016393442632,54.248715846994514,1009.1700000000002
uttar pradesh,auraiya,2015,26.591863013698617,45.102054794520555,648.1199999999995
uttar pradesh,auraiya,2016,27.092185792349706,43.94827868852462,707.3399999999997
uttar pradesh,auraiya,2017,27.379534246575336,41.67816438356166,532.1200000000001
uttar pradesh,auraiya,2018,26.61723287671235,47.38183561643833,901.0900000000004
uttar pradesh,auraiya,2019,25.925835616438356,54.11734246575343,844.8499999999998
uttar pradesh,auraiya,2020,25.92882513661203,50.64256830601098,684.0899999999993
uttar pradesh,auraiya,2021,26.03005479452057,51.73216438356166,885.8600000000001
uttar pradesh,auraiya,2022,26.071808219178074,54.85586301369864,950.3299999999998
uttar pradesh,auraiya,2023,25.992849315068508,52.746520547945224,735.4000000000002
uttar pradesh,auraiya,2024,26.093743169398934,54.273524590164016,930.8699999999999
uttar pradesh,azamgarh,2015,26.87109589041097,48.46679452054793,713.6299999999999
uttar pradesh,azamgarh,2016,26.43265027322405,53.77877049180331,1006.8099999999998
uttar pradesh,azamgarh,2017,26.6231506849315,53.30945205479452,867.6499999999995
uttar pradesh,azamgarh,2018,26.463150684931517,50.792630136986276,841.05
uttar pradesh,azamgarh,2019,26.047589041095886,58.28934246575343,1098.1899999999998
uttar pradesh,azamgarh,2020,24.745300546448096,64.11562841530059,1099.37
uttar pradesh,azamgarh,2021,25.28416438356163,61.077178082191786,1269.1999999999998
uttar pradesh,azamgarh,2022,25.789917808219197,59.68279452054795,886.3999999999996
uttar pradesh,azamgarh,2023,26.321808219178084,54.672767123287684,802.06
uttar pradesh,azamgarh,2024,26.395846994535518,55.610327868852494,910.3599999999997
uttar pradesh,baghpat,2015,24.937972602739723,46.55495890410961,862.4499999999995
uttar pradesh,baghpat,2016,26.061229508196696,39.60122950819672,658.4099999999999
uttar pradesh,baghpat,2017,25.610684931506842,43.3117260273973,655.4499999999999
uttar pradesh,baghpat,2018,25.0933424657534,48.157397260273996,840.5099999999995
uttar pradesh,baghpat,2019,25.15723287671232,50.07378082191782,639.6599999999999
uttar pradesh,baghpat,2020,24.59549180327869,51.44505464480874,745.8099999999996
uttar pradesh,baghpat,2021,24.411561643835626,54.71969863013696,1124.2099999999996
uttar pradesh,baghpat,2022,25.049561643835613,55.78082191780825,857.4000000000001
uttar pradesh,baghpat,2023,24.284904109589075,57.17380821917809,1007.2699999999999
uttar pradesh,baghpat,2024,25.159726775956283,52.668907103825106,927.6399999999999
uttar pradesh,bahraich,2015,25.850027397260273,52.3381643835616,1113.2700000000004
uttar pradesh,bahraich,2016,26.127267759562862,51.41265027322404,1371.069999999999
uttar pradesh,bahraich,2017,26.042410958904103,54.004054794520556,1365.7199999999991
uttar pradesh,bahraich,2018,25.530301369863004,54.490301369862955,1565.0399999999997
uttar pradesh,bahraich,2019,25.235068493150674,59.99158904109587,1508.3499999999988
uttar pradesh,bahraich,2020,24.510027322404383,61.70521857923499,1371.4299999999987
uttar pradesh,bahraich,2021,24.755260273972606,61.77501369863015,2020.49
uttar pradesh,bahraich,2022,25.117917808219197,63.33704109589044,1290.6999999999994
uttar pradesh,bahraich,2023,25.368136986301334,59.445068493150664,1211.8199999999993
uttar pradesh,bahraich,2024,25.665300546448098,57.65103825136614,1437.9099999999992
uttar pradesh,ballia,2015,26.705863013698625,52.06293150684932,873.4199999999997
uttar pradesh,ballia,2016,26.81087431693986,52.81469945355193,826.7799999999995
uttar pradesh,ballia,2017,26.983561643835635,52.907945205479436,803.9800000000001
uttar pradesh,ballia,2018,26.83873972602743,48.8801095890411,660.22
uttar pradesh,ballia,2019,26.424465753424673,57.110054794520536,911.4599999999996
uttar pradesh,ballia,2020,24.906885245901634,65.38863387978141,1288.909999999999
uttar pradesh,ballia,2021,25.3460273972603,63.11539726027401,1317.0399999999995
uttar pradesh,ballia,2022,25.993397260273973,60.060219178082214,754.0099999999999
uttar pradesh,ballia,2023,26.833534246575343,53.595095890410924,685.7100000000003
uttar pradesh,ballia,2024,26.78281420765027,54.87904371584701,796.7099999999996
uttar pradesh,balrampur,2015,25.850027397260273,52.3381643835616,1113.2700000000004
uttar pradesh,balrampur,2016,26.127267759562862,51.41265027322404,1371.069999999999
uttar pradesh,balrampur,2017,26.042410958904103,54.004054794520556,1365.7199999999991
uttar pradesh,balrampur,2018,25.530301369863004,54.490301369862955,1565.0399999999997
uttar pradesh,balrampur,2019,25.235068493150674,59.99158904109587,1508.3499999999988
uttar pradesh,balrampur,2020,24.510027322404383,61.70521857923499,1371.4299999999987
uttar pradesh,balrampur,2021,24.755260273972606,61.77501369863015,2020.49
uttar pradesh,balrampur,2022,25.117917808219197,63.33704109589044,1290.6999999999994
uttar pradesh,balrampur,2023,25.368136986301334,59.445068493150664,1211.8199999999993
uttar pradesh,balrampur,2024,25.665300546448098,57.65103825136614,1437.9099999999992
uttar pradesh,banda,2015,27.16767123287671,46.615506849315096,673.61
uttar pradesh,banda,2016,26.73549180327868,51.99743169398906,1134.11
uttar pradesh,banda,2017,27.34309589041098,46.839232876712295,648.2800000000002
uttar pradesh,banda,2018,27.137095890410958,47.84156164383562,899.2400000000001
uttar pradesh,banda,2019,26.22619178082192,56.155068493150694,1065.4799999999998
uttar pradesh,banda,2020,25.353797814207635,59.396202185792326,962.8199999999999
uttar pradesh,banda,2021,26.162328767123288,54.08542465753425,965.37
uttar pradesh,banda,2022,26.342191780821917,55.66865753424658,916.8900000000002
uttar pradesh,banda,2023,26.265726027397253,54.39600000000005,859.8099999999998
uttar pradesh,banda,2024,26.64532786885245,53.76106557377048,773.4099999999999
rajasthan,banswara,2015,26.59065753424657,48.263041095890436,770.9499999999997
rajasthan,banswara,2016,26.58010928961746,48.752677595628434,940.0999999999996
rajasthan,banswara,2017,26.456849315068464,48.35449315068493,806.4399999999999
rajasthan,banswara,2018,26.884082191780838,43.9793698630137,662.1000000000003
rajasthan,banswara,2019,25.871095890410942,55.76378082191781,1158.9500000000003
rajasthan,banswara,2020,25.801994535519142,56.667868852459044,937.0799999999994
rajasthan,banswara,2021,26.160849315068496,55.61147945205481,947.1299999999995
rajasthan,banswara,2022,26.160931506849316,54.79241095890413,979.6999999999998
rajasthan,banswara,2023,25.733397260273993,56.00890410958903,1052.08
rajasthan,banswara,2024,26.43434426229509,55.21516393442627,1042.3699999999997
uttar pradesh,barabanki,2015,26.54646575342466,46.651150684931494,737.8899999999999
uttar pradesh,barabanki,2016,26.391229508196723,49.130409836065546,1050.6899999999998
uttar pradesh,barabanki,2017,26.23139726027397,51.5985479452055,1128.5100000000002
uttar pradesh,barabanki,2018,25.947150684931515,52.35928767123289,1381.5199999999998
uttar pradesh,barabanki,2019,25.403643835616464,58.926575342465725,1300.6
uttar pradesh,barabanki,2020,24.76833333333334,59.20180327868852,1021.8200000000003
uttar pradesh,barabanki,2021,25.170630136986308,57.92421917808219,1346.2500000000002
uttar pradesh,barabanki,2022,25.452958904109575,59.903397260273934,1071.9700000000005
uttar pradesh,barabanki,2023,25.54569863013698,56.908520547945244,953.0799999999996
uttar pradesh,barabanki,2024,25.79303278688527,56.15374316939891,1163.9699999999996
rajasthan,baran,2015,25.80202739726027,49.992739726027395,928.4100000000005
rajasthan,baran,2016,26.500409836065582,47.69456284153004,1104.3699999999997
rajasthan,baran,2017,26.92575342465754,41.89312328767122,502.5600000000001
rajasthan,baran,2018,26.54076712328767,44.22010958904112,696.0899999999999
rajasthan,baran,2019,25.7015616438356,54.11183561643838,1196.1399999999996
rajasthan,baran,2020,26.013032786885216,52.04658469945353,599.2700000000001
rajasthan,baran,2021,26.235917808219185,53.48832876712329,1115.7499999999995
rajasthan,baran,2022,26.054027397260292,54.99871232876714,1103.7699999999995
rajasthan,baran,2023,25.80528767123288,53.679671232876764,709.4299999999998
rajasthan,baran,2024,26.20330601092898,54.64475409836064,952.5699999999998
uttar pradesh,bareilly,2015,25.14367123287671,51.25235616438357,1154.19
uttar pradesh,bareilly,2016,25.74885245901638,47.5376502732241,1068.9799999999996
uttar pradesh,bareilly,2017,25.761561643835645,49.26126027397258,938.7499999999999
uttar pradesh,bareilly,2018,25.266054794520546,52.48347945205483,1265.42
uttar pradesh,bareilly,2019,25.132986301369872,55.170876712328806,951.3499999999998
uttar pradesh,bareilly,2020,24.519699453551887,55.869043715846985,1010.5799999999998
uttar pradesh,bareilly,2021,24.62336986301371,56.841808219178056,1218.28
uttar pradesh,bareilly,2022,25.252465753424662,58.35572602739721,902.82
uttar pradesh,bareilly,2023,24.77364383561644,58.31295890410955,1061.8000000000002
uttar pradesh,bareilly,2024,25.333743169398886,55.50437158469943,1072.4499999999998
rajasthan,barmer,2015,26.847589041095883,39.18189041095892,403.38
rajasthan,barmer,2016,27.764262295081956,37.50191256830601,268.87000000000006
rajasthan,barmer,2017,26.903917808219184,38.961013698630175,446.36999999999995
rajasthan,barmer,2018,27.819287671232853,32.904739726027394,161.01999999999998
rajasthan,barmer,2019,27.013013698630132,42.243342465753436,400.63999999999993
rajasthan,barmer,2020,26.87256830601093,42.90128415300546,389.69999999999976
rajasthan,barmer,2021,27.59369863013701,39.11939726027396,282.1899999999999
rajasthan,barmer,2022,27.206219178082197,44.37126027397263,561.68
rajasthan,barmer,2023,26.859999999999992,44.23936986301372,484.24
rajasthan,barmer,2024,27.47316939890714,41.95040983606555,452.47999999999996
uttar pradesh,basti,2015,26.398410958904105,49.81202739726028,805.5999999999997
uttar pradesh,basti,2016,26.23068306010931,51.967622950819695,1134.0400000000006
uttar pradesh,basti,2017,26.177890410958923,54.49989041095893,1168.6099999999997
uttar pradesh,basti,2018,25.786493150684937,54.17115068493149,1389.6999999999996
uttar pradesh,basti,2019,25.521890410958893,60.08019178082194,1356.8199999999997
uttar pradesh,basti,2020,24.685245901639348,62.091010928961744,1112.5699999999995
uttar pradesh,basti,2021,25.06419178082192,61.0453424657534,1514.4899999999998
uttar pradesh,basti,2022,25.348000000000003,62.64189041095893,1069.3599999999997
uttar pradesh,basti,2023,25.598657534246588,58.631589041095914,988.3400000000001
uttar pradesh,basti,2024,25.853360655737696,57.76510928961752,1293.2499999999995
uttar pradesh,bhadohi,2015,27.164520547945205,48.47326027397262,678.6799999999996
uttar pradesh,bhadohi,2016,26.68232240437157,53.76281420765025,1089.95
uttar pradesh,bhadohi,2017,27.051671232876714,51.08263013698627,770.73
uttar pradesh,bhadohi,2018,26.93750684931506,49.20665753424652,838.6499999999997
uttar pradesh,bhadohi,2019,26.36668493150683,56.70446575342467,1089.7399999999998
uttar pradesh,bhadohi,2020,25.127404371584696,62.92489071038254,1033.5299999999995
uttar pradesh,bhadohi,2021,25.84490410958901,57.22698630136993,1001.4199999999996
uttar pradesh,bhadohi,2022,26.275589041095895,56.3801369863014,876.3700000000002
uttar pradesh,bhadohi,2023,26.480547945205497,54.51712328767124,808.3899999999999
uttar pradesh,bhadohi,2024,26.62598360655737,54.964617486338774,846.37
rajasthan,bharatpur,2015,26.142465753424663,43.74789041095888,611.0899999999999
rajasthan,bharatpur,2016,26.79846994535519,42.025792349726764,790.1799999999998
rajasthan,bharatpur,2017,26.955917808219183,39.46539726027396,485.93999999999994
rajasthan,bharatpur,2018,26.206465753424656,45.34665753424655,859.0699999999997
rajasthan,bharatpur,2019,25.880712328767096,50.477726027397246,720.8000000000003
rajasthan,bharatpur,2020,26.04510928961746,46.12423497267762,514.0299999999997
rajasthan,bharatpur,2021,25.93679452054796,50.41739726027398,814.9300000000001
rajasthan,bharatpur,2022,26.180575342465758,51.83687671232873,788.5500000000001
rajasthan,bharatpur,2023,25.686383561643826,51.43438356164383,727.0899999999998
rajasthan,bharatpur,2024,25.80964480874317,53.40237704918036,1026.3799999999997
rajasthan,bhilwara,2015,25.12772602739724,43.65668493150684,509.8399999999999
rajasthan,bhilwara,2016,25.44133879781423,45.904754098360655,865.3199999999996
rajasthan,bhilwara,2017,25.352575342465776,42.45175342465758,557.6499999999997
rajasthan,bhilwara,2018,25.593150684931516,39.769479452054775,471.02000000000015
rajasthan,bhilwara,2019,24.432520547945202,53.04643835616441,895.5100000000004
rajasthan,bhilwara,2020,24.814180327868876,50.13923497267756,605.75
rajasthan,bhilwara,2021,25.315205479452057,49.81909589041095,698.4000000000001
rajasthan,bhilwara,2022,25.268575342465766,50.33969863013699,821.2299999999998
rajasthan,bhilwara,2023,24.601753424657513,52.224739726027394,774.5999999999996
rajasthan,bhilwara,2024,25.369781420765033,50.345409836065606,728.38
uttar pradesh,bijnor,2015,24.778493150684927,49.89920547945205,925.5199999999991
uttar pradesh,bijnor,2016,25.94956284153007,41.78819672131147,665.9799999999999
uttar pradesh,bijnor,2017,25.5228493150685,46.288575342465755,723.7799999999999
uttar pradesh,bijnor,2018,24.764219178082193,51.57986301369863,983.42
uttar pradesh,bijnor,2019,24.96668493150684,51.374136986301345,722.7599999999995
uttar pradesh,bijnor,2020,24.17314207650274,54.17751366120219,911.6100000000001
uttar pradesh,bijnor,2021,24.34019178082193,55.32813698630138,1212.9700000000003
uttar pradesh,bijnor,2022,24.619671232876723,60.20627397260273,1108.4599999999998
uttar pradesh,bijnor,2023,24.26471232876711,58.99679452054795,1107.6499999999999
uttar pradesh,bijnor,2024,25.15445355191257,54.148715846994484,981.0199999999999
rajasthan,bikaner,2015,26.290219178082218,37.68739726027397,429.3799999999999
rajasthan,bikaner,2016,27.540218579234978,34.19254098360656,347.0499999999999
rajasthan,bikaner,2017,27.066520547945206,33.65460273972603,293.61
rajasthan,bikaner,2018,27.298246575342482,31.379616438356134,323.91999999999985
rajasthan,bikaner,2019,26.764054794520547,39.005013698630144,358.0500000000001
rajasthan,bikaner,2020,26.481612021857924,40.73986338797813,361.79999999999984
rajasthan,bikaner,2021,27.37210958904115,36.55895890410959,275.89000000000004
rajasthan,bikaner,2022,27.383726027397255,39.70227397260274,418.6299999999998
rajasthan,bikaner,2023,26.59808219178083,41.93969863013702,462.6700000000002
rajasthan,bikaner,2024,27.489016393442633,38.266311475409864,367.54999999999995
uttar pradesh,budaun,2015,25.44476712328769,48.989534246575346,996.9099999999993
uttar pradesh,budaun,2016,25.98428961748633,46.602704918032806,976.2699999999999
uttar pradesh,budaun,2017,26.041972602739737,47.1827397260274,773.9300000000005
uttar pradesh,budaun,2018,25.557643835616435,51.30208219178082,1127.66
uttar pradesh,budaun,2019,25.353068493150676,54.13709589041093,835.3299999999997
uttar pradesh,budaun,2020,25.023032786885256,52.82051912568306,799.9099999999996
uttar pradesh,budaun,2021,24.871342465753425,55.76098630136985,1048.8799999999997
uttar pradesh,budaun,2022,25.491780821917807,56.56591780821919,838.2100000000002
uttar pradesh,budaun,2023,25.077369863013683,56.06783561643832,903.5399999999996
uttar pradesh,budaun,2024,25.443333333333314,54.848661202185845,969.1200000000001
uttar pradesh,bulandshahr,2015,25.492712328767123,44.65328767123286,718.85
uttar pradesh,bulandshahr,2016,26.249836065573756,40.510409836065534,668.9099999999995
uttar pradesh,bulandshahr,2017,25.8525205479452,43.755342465753415,670.0999999999998
uttar pradesh,bulandshahr,2018,25.426082191780807,48.26841095890411,840.1600000000001
uttar pradesh,bulandshahr,2019,25.482876712328757,50.031808219178075,626.4099999999996
uttar pradesh,bulandshahr,2020,25.10092896174861,49.78718579234974,648.6499999999996
uttar pradesh,bulandshahr,2021,24.604273972602734,55.21109589041094,1101.6399999999999
uttar pradesh,bulandshahr,2022,25.33117808219178,55.37797260273968,810.6399999999999
uttar pradesh,bulandshahr,2023,24.8115890410959,55.13805479452053,865.5900000000001
uttar pradesh,bulandshahr,2024,25.482841530054653,51.83538251366122,836.4699999999992
rajasthan,bundi,2015,25.769150684931493,46.95197260273974,784.62
rajasthan,bundi,2016,26.433333333333323,46.091584699453534,1002.59
rajasthan,bundi,2017,26.659808219178096,40.843698630136984,518.21
rajasthan,bundi,2018,26.22917808219177,43.829041095890425,777.9099999999996
rajasthan,bundi,2019,25.349041095890406,53.913671232876666,1228.2699999999995
rajasthan,bundi,2020,25.885163934426224,50.13622950819672,592.9999999999995
rajasthan,bundi,2021,26.025150684931496,52.97487671232877,1159.449999999999
rajasthan,bundi,2022,25.897616438356177,54.153397260274005,1107.9999999999995
rajasthan,bundi,2023,25.670630136986304,52.22186301369863,709.7699999999998
rajasthan,bundi,2024,26.06234972677596,53.46997267759562,1007.6499999999999
uttar pradesh,chandauli,2015,27.15320547945208,48.81884931506852,713.1899999999998
uttar pradesh,chandauli,2016,26.76273224043716,53.66642076502734,1039.2499999999993
uttar pradesh,chandauli,2017,27.144520547945184,51.193999999999996,765.4999999999995
uttar pradesh,chandauli,2018,27.03956164383562,48.42309589041096,761.7
uttar pradesh,chandauli,2019,26.474246575342473,56.47682191780823,1059.6699999999996
uttar pradesh,chandauli,2020,25.216803278688516,62.67448087431696,1040.55
uttar pradesh,chandauli,2021,25.773890410958927,58.47260273972606,1114.41
uttar pradesh,chandauli,2022,26.313726027397262,56.56161643835614,845.8799999999998
uttar pradesh,chandauli,2023,26.709178082191773,53.26293150684933,778.1299999999998
uttar pradesh,chandauli,2024,26.640054644808735,55.44133879781418,919.9399999999996
uttar pradesh,chitrakoot,2015,26.164493150684923,51.075315068493154,870.07
uttar pradesh,chitrakoot,2016,26.17262295081968,53.01538251366121,1385.74
uttar pradesh,chitrakoot,2017,26.63953424657535,48.62252054794518,721.9499999999997
uttar pradesh,chitrakoot,2018,26.488739726027404,48.81000000000002,919.9899999999999
uttar pradesh,chitrakoot,2019,25.667178082191786,56.50509589041097,1174.5800000000002
uttar pradesh,chitrakoot,2020,24.66221311475411,61.631530054644756,1056.3399999999995
uttar pradesh,chitrakoot,2021,25.532520547945186,55.09054794520553,1008.0699999999997
uttar pradesh,chitrakoot,2022,25.756520547945215,56.10863013698629,973.7300000000002
uttar pradesh,chitrakoot,2023,25.619068493150706,55.75454794520546,887.6899999999999
uttar pradesh,chitrakoot,2024,25.826147540983595,56.50800546448087,1022.6699999999994
rajasthan,chittorgarh,2015,25.33342465753425,44.2852602739726,571.7
rajasthan,chittorgarh,2016,25.56396174863387,46.49155737704917,1007.98
rajasthan,chittorgarh,2017,25.496,43.516602739726025,638.6200000000003
rajasthan,chittorgarh,2018,25.717808219178103,40.956904109589,539.2699999999999
rajasthan,chittorgarh,2019,24.58005479452053,53.91443835616438,1005.7099999999998
rajasthan,chittorgarh,2020,24.87103825136615,51.73639344262293,670.4399999999996
rajasthan,chittorgarh,2021,25.365534246575347,51.07227397260275,788.8900000000001
rajasthan,chittorgarh,2022,25.37208219178085,51.00934246575341,847.93
rajasthan,chittorgarh,2023,24.737534246575343,52.82649315068495,818.7799999999997
rajasthan,chittorgarh,2024,25.5354098360656,50.79336065573773,758.5400000000004
rajasthan,churu,2015,25.83616438356161,39.33383561643836,522.3899999999999
rajasthan,churu,2016,26.88415300546445,36.08016393442625,509.4199999999999
rajasthan,churu,2017,26.619424657534253,34.833369863013715,331.05999999999983
rajasthan,churu,2018,26.55487671232877,35.48931506849314,440.02
rajasthan,churu,2019,25.921972602739736,41.73468493150686,469.6499999999997
rajasthan,churu,2020,25.753087431693977,42.98718579234974,475.6299999999998
rajasthan,churu,2021,26.050630136986296,43.034465753424655,621.0000000000001
rajasthan,churu,2022,26.605178082191763,43.16589041095891,524.0899999999997
rajasthan,churu,2023,25.81706849315071,45.10520547945201,578.1600000000001
rajasthan,churu,2024,26.424918032786895,43.24270491803282,656.2099999999997
rajasthan,dausa,2015,25.425726027397257,43.33764383561642,534.4200000000001
rajasthan,dausa,2016,26.33734972677594,40.709316939890705,670.7600000000001
rajasthan,dausa,2017,26.246684931506838,38.47693150684934,424.78
rajasthan,dausa,2018,25.67479452054795,42.952027397260316,707.8199999999998
rajasthan,dausa,2019,25.12175342465754,49.874273972602744,708.9300000000001
rajasthan,dausa,2020,25.35030054644809,46.07980874316933,549.3499999999997
rajasthan,dausa,2021,25.29153424657533,51.54421917808219,922.3099999999997
rajasthan,dausa,2022,25.60838356164384,51.45569863013694,796.2000000000003
rajasthan,dausa,2023,25.168958904109573,49.67123287671234,622.6899999999996
rajasthan,dausa,2024,25.407404371584686,51.73008196721311,1093.46
uttar pradesh,deoria,2015,26.55282191780822,51.179260273972595,878.3199999999999
uttar pradesh,deoria,2016,26.547377049180337,52.602841530054654,1009.1499999999996
uttar pradesh,deoria,2017,26.595013698630122,54.145205479452045,1038.5799999999997
uttar pradesh,deoria,2018,26.23767123287673,51.917753424657604,926.3899999999996
uttar pradesh,deoria,2019,25.932191780821928,59.19986301369864,1161.8099999999995
uttar pradesh,deoria,2020,24.662814207650275,65.3908469945355,1409.1400000000003
uttar pradesh,deoria,2021,25.16369863013696,63.12956164383561,1677.4199999999994
uttar pradesh,deoria,2022,25.49558904109588,62.8372876712329,979.8000000000004
uttar pradesh,deoria,2023,26.248054794520545,56.371534246575315,866.6799999999997
uttar pradesh,deoria,2024,26.352650273224032,56.539480874316965,1010.8699999999999
rajasthan,dholpur,2015,26.27350684931506,45.5732054794521,703.5799999999995
rajasthan,dholpur,2016,27.05330601092898,42.88475409836064,749.96
rajasthan,dholpur,2017,27.29693150684931,40.017808219178086,511.71000000000015
rajasthan,dholpur,2018,26.468520547945197,46.19342465753425,870.6000000000001
rajasthan,dholpur,2019,26.014657534246577,51.95126027397265,763.4000000000001
rajasthan,dholpur,2020,26.331120218579247,46.71770491803276,534.6800000000002
rajasthan,dholpur,2021,26.25093150684931,50.45449315068489,836.36
rajasthan,dholpur,2022,26.375479452054762,52.106328767123294,809.3399999999999
rajasthan,dholpur,2023,25.96893150684933,51.65065753424656,726.7099999999999
rajasthan,dholpur,2024,25.962595628415315,54.604945355191305,1096.73
rajasthan,dungarpur,2015,26.123945205479455,45.74676712328768,606.5499999999996
rajasthan,dungarpur,2016,26.189999999999994,46.9898087431694,788.1100000000001
rajasthan,dungarpur,2017,26.026027397260282,46.3774520547945,803.9699999999998
rajasthan,dungarpur,2018,26.471013698630138,41.9279726027397,537.3799999999998
rajasthan,dungarpur,2019,25.387260273972615,54.55950684931505,980.9499999999994
rajasthan,dungarpur,2020,25.303114754098377,55.139125683060094,956.3100000000001
rajasthan,dungarpur,2021,25.885589041095905,52.56032876712326,738.3500000000003
rajasthan,dungarpur,2022,25.838054794520566,52.19243835616444,866.7900000000001
rajasthan,dungarpur,2023,25.055589041095892,56.06668493150678,1026.1899999999998
rajasthan,dungarpur,2024,25.99999999999997,53.3158196721311,870.4399999999997
uttar pradesh,etah,2015,26.1225205479452,43.779890410958934,653.6599999999997
uttar pradesh,etah,2016,26.600683060109272,42.6941256830601,778.0099999999996
uttar pradesh,etah,2017,26.66175342465751,41.96320547945205,551.2699999999999
uttar pradesh,etah,2018,26.035753424657543,47.619506849315044,851.4799999999999
uttar pradesh,etah,2019,25.83942465753424,50.646520547945165,668.8199999999999
uttar pradesh,etah,2020,25.798606557377052,47.50942622950825,536.3399999999998
uttar pradesh,etah,2021,25.492191780821887,51.888027397260316,837.47
uttar pradesh,etah,2022,25.88879452054792,53.504410958904124,775.3800000000001
uttar pradesh,etah,2023,25.46145205479453,53.236273972602824,765.8999999999994
uttar pradesh,etah,2024,25.73226775956283,52.99877049180331,878.86
uttar pradesh,etawah,2015,26.365753424657495,44.12942465753426,643.6699999999996
uttar pradesh,etawah,2016,26.902540983606553,42.88459016393443,764.3999999999999
uttar pradesh,etawah,2017,27.12312328767121,40.95868493150688,516.1
uttar pradesh,etawah,2018,26.339479452054793,47.14824657534249,871.0200000000001
uttar pradesh,etawah,2019,25.918383561643846,51.979835616438386,744.7199999999999
uttar pradesh,etawah,2020,26.02295081967216,47.61412568306011,558.7699999999999
uttar pradesh,etawah,2021,25.921726027397266,50.8749589041096,809.54
uttar pradesh,etawah,2022,26.068821917808215,53.40246575342463,824.6399999999999
uttar pradesh,etawah,2023,25.784904109589046,52.436246575342444,730.0799999999999
uttar pradesh,etawah,2024,25.835163934426223,54.18412568306013,989.2899999999998
uttar pradesh,faizabad,2015,26.296136986301345,49.74926027397259,889.2899999999998
uttar pradesh,faizabad,2016,26.162240437158474,51.978087431693936,1178.9999999999995
uttar pradesh,faizabad,2017,26.092767123287704,54.17931506849313,1215.0300000000002
uttar pradesh,faizabad,2018,25.72832876712328,54.38120547945206,1335.41
uttar pradesh,faizabad,2019,25.39334246575341,60.21857534246574,1361.3100000000006
uttar pradesh,faizabad,2020,24.46786885245903,62.853770491803296,1277.6399999999994
uttar pradesh,faizabad,2021,24.861287671232873,61.50972602739728,1737.4599999999994
uttar pradesh,faizabad,2022,25.255616438356142,62.38698630136985,1107.9800000000002
uttar pradesh,faizabad,2023,25.463808219178095,58.87441095890412,1039.2699999999995
uttar pradesh,faizabad,2024,25.710956284153017,57.9692896174863,1290.5899999999995
uttar pradesh,farrukhabad,2015,26.016986301369855,45.694027397260285,774.5499999999996
uttar pradesh,farrukhabad,2016,26.5108469945355,44.242978142076495,802.6000000000004
uttar pradesh,farrukhabad,2017,26.59043835616441,44.03372602739726,636.0599999999998
uttar pradesh,farrukhabad,2018,26.00394520547944,48.99410958904112,931.1299999999998
uttar pradesh,farrukhabad,2019,25.66854794520547,52.868821917808205,762.6699999999997
uttar pradesh,farrukhabad,2020,25.497131147540994,50.33975409836067,665.77
uttar pradesh,farrukhabad,2021,25.48638356164384,52.3598082191781,840.2199999999999
uttar pradesh,farrukhabad,2022,25.826876712328772,54.394027397260245,865.6800000000002
uttar pradesh,farrukhabad,2023,25.523424657534246,53.52279452054793,782.2000000000002
uttar pradesh,farrukhabad,2024,25.72297814207651,53.57407103825141,887.4599999999996
uttar pradesh,fatehpur,2015,27.195068493150682,44.00230136986301,539.19
uttar pradesh,fatehpur,2016,26.65262295081967,49.60368852459013,916.2899999999998
uttar pradesh,fatehpur,2017,27.08109589041095,46.635315068493156,696.3200000000002
uttar pradesh,fatehpur,2018,26.734657534246583,48.89802739726031,977.8500000000004
uttar pradesh,fatehpur,2019,25.840739726027408,57.00561643835615,1030.1
uttar pradesh,fatehpur,2020,25.119562841530076,58.71377049180326,919.9000000000003
uttar pradesh,fatehpur,2021,25.786849315068515,55.015232876712375,1007.7800000000001
uttar pradesh,fatehpur,2022,25.992246575342467,56.90380821917809,945.98
uttar pradesh,fatehpur,2023,25.905041095890418,55.29835616438358,854.6799999999997
uttar pradesh,fatehpur,2024,26.519016393442616,52.530737704918,678.6300000000001
uttar pradesh,firozabad,2015,26.391287671232845,43.29586301369864,589.3499999999998
uttar pradesh,firozabad,2016,26.95371584699452,42.14685792349726,771.7599999999998
uttar pradesh,firozabad,2017,27.219095890410966,39.360767123287694,454.05999999999983
uttar pradesh,firozabad,2018,26.341506849315067,46.32767123287667,857.9799999999996
uttar pradesh,firozabad,2019,26.030219178082195,50.75860273972602,698.9
uttar pradesh,firozabad,2020,26.19669398907103,46.16226775956282,510.4000000000001
uttar pradesh,firozabad,2021,25.944027397260275,51.01701369863012,852.2099999999997
uttar pradesh,firozabad,2022,26.2357260273973,52.310931506849336,775.5800000000003
uttar pradesh,firozabad,2023,25.901095890410968,51.30161643835618,687.78
uttar pradesh,firozabad,2024,25.917786885245928,53.5827322404371,1016.9000000000004
rajasthan,ganganagar,2015,26.22383561643837,38.87490410958903,394.1099999999998
rajasthan,ganganagar,2016,27.813278688524594,31.526693989071035,230.19000000000005
rajasthan,ganganagar,2017,27.261780821917796,32.75726027397262,244.65
rajasthan,ganganagar,2018,27.051589041095927,32.69799999999998,272.74
rajasthan,ganganagar,2019,26.373287671232898,40.70309589041096,323.5799999999998
rajasthan,ganganagar,2020,25.64038251366119,46.5921038251366,844.25
rajasthan,ganganagar,2021,26.688986301369855,39.481972602739695,282.8399999999999
rajasthan,ganganagar,2022,26.701424657534258,43.68331506849316,606.6999999999998
rajasthan,ganganagar,2023,26.017260273972575,45.050109589041035,514.03
rajasthan,ganganagar,2024,27.070819672131154,38.85789617486337,404.8400000000002
uttar pradesh,gautam buddha nagar,2015,25.342876712328792,44.68591780821919,771.59
uttar pradesh,gautam buddha nagar,2016,26.26786885245901,39.78062841530057,677.8099999999998
uttar pradesh,gautam buddha nagar,2017,25.820602739726024,42.583972602739706,672.1700000000001
uttar pradesh,gautam buddha nagar,2018,25.44969863013699,47.00134246575342,846.0799999999999
uttar pradesh,gautam buddha nagar,2019,25.46860273972601,49.10145205479456,618.7099999999996
uttar pradesh,gautam buddha nagar,2020,25.123087431694007,48.92838797814209,621.0699999999995
uttar pradesh,gautam buddha nagar,2021,24.724986301369885,53.76235616438354,1045.3499999999997
uttar pradesh,gautam buddha nagar,2022,25.48632876712328,53.74156164383559,791.6399999999999
uttar pradesh,gautam buddha nagar,2023,24.726027397260253,54.8811780821918,895.1400000000006
uttar pradesh,gautam buddha nagar,2024,25.510300546448104,50.997841530054615,828.1399999999998
uttar pradesh,ghaziabad,2015,25.342876712328792,44.68591780821919,771.59
uttar pradesh,ghaziabad,2016,26.26786885245901,39.78062841530057,677.8099999999998
uttar pradesh,ghaziabad,2017,25.820602739726024,42.583972602739706,672.1700000000001
uttar pradesh,ghaziabad,2018,25.44969863013699,47.00134246575342,846.0799999999999
uttar pradesh,ghaziabad,2019,25.46860273972601,49.10145205479456,618.7099999999996
uttar pradesh,ghaziabad,2020,25.123087431694007,48.92838797814209,621.0699999999995
uttar pradesh,ghaziabad,2021,24.724986301369885,53.76235616438354,1045.3499999999997
uttar pradesh,ghaziabad,2022,25.48632876712328,53.74156164383559,791.6399999999999
uttar pradesh,ghaziabad,2023,24.726027397260253,54.8811780821918,895.1400000000006
uttar pradesh,ghaziabad,2024,25.510300546448104,50.997841530054615,828.1399999999998
uttar pradesh,ghazipur,2015,26.965863013698637,50.566547945205485,823.0199999999998
uttar pradesh,ghazipur,2016,26.810765027322407,53.7817213114754,998.8799999999995
uttar pradesh,ghazipur,2017,27.214575342465782,51.319506849315076,705.17
uttar pradesh,ghazipur,2018,27.026520547945175,48.461698630136986,718.2199999999997
uttar pradesh,ghazipur,2019,26.61389041095891,55.924684931506846,897.9499999999999
uttar pradesh,ghazipur,2020,25.31210382513663,62.39516393442629,1068.4399999999987
uttar pradesh,ghazipur,2021,25.73816438356164,59.737342465753365,1147.5200000000004
uttar pradesh,ghazipur,2022,26.42657534246577,56.25580821917811,731.5100000000002
uttar pradesh,ghazipur,2023,26.976465753424634,51.90734246575344,677.3900000000002
uttar pradesh,ghazipur,2024,26.739043715847014,55.38871584699454,890.4900000000002
uttar pradesh,gonda,2015,26.296136986301345,49.74926027397259,889.2899999999998
uttar pradesh,gonda,2016,26.162240437158474,51.978087431693936,1178.9999999999995
uttar pradesh,gonda,2017,26.092767123287704,54.17931506849313,1215.0300000000002
uttar pradesh,gonda,2018,25.72832876712328,54.38120547945206,1335.41
uttar pradesh,gonda,2019,25.39334246575341,60.21857534246574,1361.3100000000006
uttar pradesh,gonda,2020,24.46786885245903,62.853770491803296,1277.6399999999994
uttar pradesh,gonda,2021,24.861287671232873,61.50972602739728,1737.4599999999994
uttar pradesh,gonda,2022,25.255616438356142,62.38698630136985,1107.9800000000002
uttar pradesh,gonda,2023,25.463808219178095,58.87441095890412,1039.2699999999995
uttar pradesh,gonda,2024,25.710956284153017,57.9692896174863,1290.5899999999995
uttar pradesh,gorakhpur,2015,26.184602739726007,52.65778082191782,966.5799999999996
uttar pradesh,gorakhpur,2016,26.222185792349713,53.080327868852486,1222.27
uttar pradesh,gorakhpur,2017,26.26983561643837,55.22378082191779,1256.5000000000005
uttar pradesh,gorakhpur,2018,25.722246575342478,54.676164383561655,1278.4
uttar pradesh,gorakhpur,2019,25.60649315068493,60.19619178082192,1372.4299999999996
uttar pradesh,gorakhpur,2020,24.576256830601093,64.36901639344272,1437.6599999999994
uttar pradesh,gorakhpur,2021,25.015424657534254,62.97808219178084,1938.0199999999998
uttar pradesh,gorakhpur,2022,25.338356164383583,63.89945205479451,1148.68
uttar pradesh,gorakhpur,2023,25.733123287671194,59.073917808219186,1079.0900000000001
uttar pradesh,gorakhpur,2024,25.951612021857926,58.21076502732245,1308.87
uttar pradesh,hamirpur,2015,27.143397260273964,44.19958904109591,537.3099999999997
uttar pradesh,hamirpur,2016,26.982732240437148,47.25775956284154,830.6799999999998
uttar pradesh,hamirpur,2017,27.66082191780822,42.35449315068492,518.6399999999999
uttar pradesh,hamirpur,2018,26.969780821917805,47.273397260273995,894.8599999999999
uttar pradesh,hamirpur,2019,26.03528767123289,55.542383561643845,934.1799999999996
uttar pradesh,hamirpur,2020,25.72204918032786,54.554207650273206,816.15
uttar pradesh,hamirpur,2021,26.05975342465753,53.40638356164383,980.6699999999993
uttar pradesh,hamirpur,2022,26.196958904109604,55.75071232876716,962.99
uttar pradesh,hamirpur,2023,26.12915068493153,53.78715068493147,790.9800000000001
uttar pradesh,hamirpur,2024,26.43360655737704,53.63781420765028,802.4799999999996
rajasthan,hanumangarh,2015,26.04410958904109,39.33238356164382,443.0199999999998
rajasthan,hanumangarh,2016,27.41887978142076,33.380819672131175,335.80000000000007
rajasthan,hanumangarh,2017,26.96854794520548,34.08915068493152,313.17999999999984
rajasthan,hanumangarh,2018,26.867479452054802,33.974273972602724,317.64999999999986
rajasthan,hanumangarh,2019,26.19832876712326,41.33635616438355,360.69999999999976
rajasthan,hanumangarh,2020,25.73879781420765,45.1933606557377,572.29
rajasthan,hanumangarh,2021,26.37953424657534,41.01904109589042,386.29
rajasthan,hanumangarh,2022,26.579041095890407,44.00676712328765,609.2199999999997
rajasthan,hanumangarh,2023,25.86893150684929,45.943315068493156,544.48
rajasthan,hanumangarh,2024,26.871502732240444,40.24956284153002,437.67999999999967
uttar pradesh,hapur,2015,25.342876712328792,44.68591780821919,771.59
uttar pradesh,hapur,2016,26.26786885245901,39.78062841530057,677.8099999999998
uttar pradesh,hapur,2017,25.820602739726024,42.583972602739706,672.1700000000001
uttar pradesh,hapur,2018,25.44969863013699,47.00134246575342,846.0799999999999
uttar pradesh,hapur,2019,25.46860273972601,49.10145205479456,618.7099999999996
uttar pradesh,hapur,2020,25.123087431694007,48.92838797814209,621.0699999999995
uttar pradesh,hapur,2021,24.724986301369885,53.76235616438354,1045.3499999999997
uttar pradesh,hapur,2022,25.48632876712328,53.74156164383559,791.6399999999999
uttar pradesh,hapur,2023,24.726027397260253,54.8811780821918,895.1400000000006
uttar pradesh,hapur,2024,25.510300546448104,50.997841530054615,828.1399999999998
uttar pradesh,hardoi,2015,26.035095890410982,46.82082191780822,799.4799999999999
uttar pradesh,hardoi,2016,26.417103825136607,45.94229508196724,846.26
uttar pradesh,hardoi,2017,26.400739726027364,46.81898630136985,765.6799999999997
uttar pradesh,hardoi,2018,25.914164383561644,50.49093150684928,1037.4999999999998
uttar pradesh,hardoi,2019,25.398136986301378,55.84084931506848,914.1800000000002
uttar pradesh,hardoi,2020,25.114890710382518,53.72612021857918,795.8800000000001
uttar pradesh,hardoi,2021,25.420465753424654,53.47495890410958,878.8499999999992
uttar pradesh,hardoi,2022,25.67016438356166,56.23402739726028,1050.11
uttar pradesh,hardoi,2023,25.4727397260274,54.74923287671231,843.1099999999997
uttar pradesh,hardoi,2024,25.677486338797802,54.431147540983616,908.71
uttar pradesh,hathras,2015,26.23621917808219,42.307232876712355,561.63
uttar pradesh,hathras,2016,26.727240437158464,41.302677595628396,733.47
uttar pradesh,hathras,2017,26.80142465753426,39.85238356164382,476.75
uttar pradesh,hathras,2018,26.079397260273936,46.49961643835616,793.8499999999998
uttar pradesh,hathras,2019,25.970849315068506,49.12778082191779,617.4499999999996
uttar pradesh,hathras,2020,25.9636612021858,45.96516393442623,499.5299999999999
uttar pradesh,hathras,2021,25.479863013698623,52.082273972602735,872.91
uttar pradesh,hathras,2022,26.02172602739726,52.461726027397276,738.3799999999999
uttar pradesh,hathras,2023,25.59575342465753,51.7428219178082,705.5000000000002
uttar pradesh,hathras,2024,25.80740437158471,52.32691256830601,884.86
rajasthan,jaipur,2015,25.227780821917833,42.1687671232877,494.9599999999998
rajasthan,jaipur,2016,26.10808743169399,40.43450819672132,604.72
rajasthan,jaipur,2017,25.800219178082177,38.76712328767122,469.51
rajasthan,jaipur,2018,25.549917808219195,40.62687671232878,598.8499999999996
rajasthan,jaipur,2019,24.831150684931494,49.230465753424674,763.8300000000005
rajasthan,jaipur,2020,25.103633879781473,45.706639344262285,559.0899999999998
rajasthan,jaipur,2021,25.206164383561628,49.94476712328766,835.1099999999994
rajasthan,jaipur,2022,25.41249315068491,50.11909589041096,798.9
rajasthan,jaipur,2023,24.761479452054807,50.180383561643836,744.3499999999998
rajasthan,jaipur,2024,25.20617486338799,51.37374316939889,1101.5199999999998
rajasthan,jaisalmer,2015,26.854027397260293,38.26238356164383,415.87999999999994
rajasthan,jaisalmer,2016,28.243224043715827,34.02461748633881,195.63000000000002
rajasthan,jaisalmer,2017,27.410931506849316,35.00501369863012,315.62
rajasthan,jaisalmer,2018,28.139041095890413,30.56901369863013,163.97
rajasthan,jaisalmer,2019,27.09306849315068,41.202712328767085,369.87999999999994
rajasthan,jaisalmer,2020,26.97581967213114,41.663852459016354,379.28000000000003
rajasthan,jaisalmer,2021,27.662767123287676,37.338356164383576,344.04000000000013
rajasthan,jaisalmer,2022,27.357452054794514,43.914986301369844,535.9399999999998
rajasthan,jaisalmer,2023,27.21060273972603,41.713287671232905,433.06999999999994
rajasthan,jaisalmer,2024,27.684453551912544,39.954945355191285,451.84999999999997
uttar pradesh,jalaun,2015,26.712520547945225,46.47175342465752,700.7799999999997
uttar pradesh,jalaun,2016,27.139508196721305,45.66177595628417,765.5000000000003
uttar pradesh,jalaun,2017,27.70778082191779,41.06550684931507,500.2500000000001
uttar pradesh,jalaun,2018,26.901178082191773,47.19898630136988,932.8000000000002
uttar pradesh,jalaun,2019,26.066876712328796,54.82827397260275,892.7199999999998
uttar pradesh,jalaun,2020,26.079016393442622,51.64898907103824,708.0499999999995
uttar pradesh,jalaun,2021,26.188000000000013,52.57630136986305,958.0799999999999
uttar pradesh,jalaun,2022,26.243945205479474,55.15093150684927,959.0799999999998
uttar pradesh,jalaun,2023,26.133342465753426,53.35183561643839,768.7699999999993
uttar pradesh,jalaun,2024,26.250491803278695,54.88699453551917,961.4399999999996
rajasthan,jalore,2015,26.839013698630115,41.301013698630136,450.0199999999999
rajasthan,jalore,2016,27.03510928961751,44.26808743169401,642.75
rajasthan,jalore,2017,26.5652602739726,44.05394520547944,691.0800000000002
rajasthan,jalore,2018,27.553589041095908,35.61750684931504,297.9000000000001
rajasthan,jalore,2019,26.534712328767114,48.67747945205479,609.6899999999997
rajasthan,jalore,2020,26.40931693989073,49.290300546448115,666.4799999999998
rajasthan,jalore,2021,27.434328767123265,43.694164383561656,395.3400000000001
rajasthan,jalore,2022,27.029863013698638,47.582356164383555,685.7999999999998
rajasthan,jalore,2023,26.29523287671234,50.725232876712326,776.1199999999999
rajasthan,jalore,2024,27.25439890710384,45.926775956284175,580.3199999999997
uttar pradesh,jaunpur,2015,27.164520547945205,48.47326027397262,678.6799999999996
uttar pradesh,jaunpur,2016,26.68232240437157,53.76281420765025,1089.95
uttar pradesh,jaunpur,2017,27.051671232876714,51.08263013698627,770.73
uttar pradesh,jaunpur,2018,26.93750684931506,49.20665753424652,838.6499999999997
uttar pradesh,jaunpur,2019,26.36668493150683,56.70446575342467,1089.7399999999998
uttar pradesh,jaunpur,2020,25.127404371584696,62.92489071038254,1033.5299999999995
uttar pradesh,jaunpur,2021,25.84490410958901,57.22698630136993,1001.4199999999996
uttar pradesh,jaunpur,2022,26.275589041095895,56.3801369863014,876.3700000000002
uttar pradesh,jaunpur,2023,26.480547945205497,54.51712328767124,808.3899999999999
uttar pradesh,jaunpur,2024,26.62598360655737,54.964617486338774,846.37
rajasthan,jhalawar,2015,25.648000000000007,51.122191780821865,995.93
rajasthan,jhalawar,2016,26.236721311475424,48.911147540983585,1207.319999999999
rajasthan,jhalawar,2017,26.67843835616438,43.39490410958903,519.9599999999998
rajasthan,jhalawar,2018,26.515534246575328,43.91520547945204,614.6899999999999
rajasthan,jhalawar,2019,25.60868493150684,54.403698630136994,1186.5499999999988
rajasthan,jhalawar,2020,25.7405464480874,53.400163934426224,602.9800000000001
rajasthan,jhalawar,2021,26.10950684931507,53.44539726027395,941.8000000000003
rajasthan,jhalawar,2022,25.983397260273968,54.5453150684932,951.3100000000001
rajasthan,jhalawar,2023,25.839753424657523,52.35863013698631,607.5699999999999
rajasthan,jhalawar,2024,26.203469945355195,53.87467213114754,793.8000000000001
uttar pradesh,jhansi,2015,26.11643835616441,49.6455616438356,878.0900000000003
uttar pradesh,jhansi,2016,26.84142076502733,46.87308743169399,822.3900000000001
uttar pradesh,jhansi,2017,27.36178082191779,41.88432876712329,542.2900000000002
uttar pradesh,jhansi,2018,26.711260273972613,47.25643835616439,912.1599999999997
uttar pradesh,jhansi,2019,25.956657534246595,54.23835616438358,824.6199999999999
uttar pradesh,jhansi,2020,26.085382513661177,50.97191256830598,651.2899999999995
uttar pradesh,jhansi,2021,26.28687671232875,51.52112328767123,861.1700000000001
uttar pradesh,jhansi,2022,26.140958904109578,54.84293150684934,983.0100000000001
uttar pradesh,jhansi,2023,25.69008219178084,55.23895890410962,892.7199999999999
uttar pradesh,jhansi,2024,25.934890710382504,56.416557377049195,1070.0300000000002
rajasthan,jhunjhunu,2015,25.250438356164388,40.68249315068494,531.65
rajasthan,jhunjhunu,2016,26.234863387978155,37.53639344262296,537.4799999999999
rajasthan,jhunjhunu,2017,25.960219178082202,36.37643835616437,379.7799999999999
rajasthan,jhunjhunu,2018,25.76758904109593,38.14476712328768,512.5000000000002
rajasthan,jhunjhunu,2019,25.12073972602739,44.847342465753414,584.8799999999998
rajasthan,jhunjhunu,2020,25.086256830601062,44.43081967213115,541.68
rajasthan,jhunjhunu,2021,25.20780821917807,46.99860273972601,785.5900000000001
rajasthan,jhunjhunu,2022,25.899999999999984,45.69490410958902,599.8599999999999
rajasthan,jhunjhunu,2023,25.132904109589052,46.80142465753427,653.35
rajasthan,jhunjhunu,2024,25.55486338797815,46.8256830601093,792.4199999999997
rajasthan,jodhpur,2015,26.18369863013701,40.057452054794545,381.01999999999987
rajasthan,jodhpur,2016,26.86390710382514,40.03346994535518,437.0099999999998
rajasthan,jodhpur,2017,26.224109589041113,40.12252054794523,500.4699999999998
rajasthan,jodhpur,2018,26.95309589041096,33.94265753424658,243.47000000000006
rajasthan,jodhpur,2019,26.191616438356142,45.25315068493151,462.25000000000017
rajasthan,jodhpur,2020,26.161502732240454,44.47595628415301,453.47999999999985
rajasthan,jodhpur,2021,27.145232876712335,40.59208219178081,310.09999999999997
rajasthan,jodhpur,2022,26.841232876712336,44.225589041095894,506.56999999999994
rajasthan,jodhpur,2023,26.017260273972617,46.64865753424658,571.9599999999998
rajasthan,jodhpur,2024,26.981584699453556,43.39642076502732,439.2499999999999
uttar pradesh,kannauj,2015,26.614630136986307,43.756219178082205,598.9299999999998
uttar pradesh,kannauj,2016,26.841530054644803,44.173989071038264,743.4399999999999
uttar pradesh,kannauj,2017,26.800219178082177,44.88610958904111,711.8
uttar pradesh,kannauj,2018,26.304356164383556,48.58917808219178,979.12
uttar pradesh,kannauj,2019,25.608465753424667,55.34093150684933,917.1299999999997
uttar pradesh,kannauj,2020,25.381010928961746,52.8171584699453,782.1799999999998
uttar pradesh,kannauj,2021,25.764794520547916,51.97005479452051,851.8200000000003
uttar pradesh,kannauj,2022,25.857150684931504,55.256493150684946,1077.5099999999993
uttar pradesh,kannauj,2023,25.751013698630167,53.39386301369863,795.9299999999998
uttar pradesh,kannauj,2024,25.979508196721305,53.330109289617454,846.5199999999995
uttar pradesh,kanpur dehat,2015,27.031287671232867,43.42010958904109,536.84
uttar pradesh,kanpur dehat,2016,26.754890710382504,46.893224043715804,829.3699999999994
uttar pradesh,kanpur dehat,2017,26.780712328767155,47.40775342465754,858.9999999999993
uttar pradesh,kanpur dehat,2018,26.431561643835597,49.60912328767119,1124.3799999999999
uttar pradesh,kanpur dehat,2019,25.610684931506853,57.370794520547946,1072.9300000000003
uttar pradesh,kanpur dehat,2020,25.107213114754074,57.07841530054642,909.0300000000003
uttar pradesh,kanpur dehat,2021,25.615232876712327,54.86591780821918,1049.5400000000002
uttar pradesh,kanpur dehat,2022,25.75728767123288,57.56090410958905,1022.0799999999996
uttar pradesh,kanpur dehat,2023,25.782767123287673,55.0450410958904,862.7799999999997
uttar pradesh,kanpur dehat,2024,26.250136612021876,52.99724043715845,773.6099999999999
uttar pradesh,kanpur nagar,2015,27.031287671232867,43.42010958904109,536.84
uttar pradesh,kanpur nagar,2016,26.754890710382504,46.893224043715804,829.3699999999994
uttar pradesh,kanpur nagar,2017,26.780712328767155,47.40775342465754,858.9999999999993
uttar pradesh,kanpur nagar,2018,26.431561643835597,49.60912328767119,1124.3799999999999
uttar pradesh,kanpur nagar,2019,25.610684931506853,57.370794520547946,1072.9300000000003
uttar pradesh,kanpur nagar,2020,25.107213114754074,57.07841530054642,909.0300000000003
uttar pradesh,kanpur nagar,2021,25.615232876712327,54.86591780821918,1049.5400000000002
uttar pradesh,kanpur nagar,2022,25.75728767123288,57.56090410958905,1022.0799999999996
uttar pradesh,kanpur nagar,2023,25.782767123287673,55.0450410958904,862.7799999999997
uttar pradesh,kanpur nagar,2024,26.250136612021876,52.99724043715845,773.6099999999999
rajasthan,karauli,2015,25.79295890410958,45.733671232876674,656.0399999999998
rajasthan,karauli,2016,26.60245901639344,42.995355191256856,764.8699999999998
rajasthan,karauli,2017,26.730054794520555,39.49569863013699,456.21999999999997
rajasthan,karauli,2018,25.963123287671234,45.4788767123288,847.8600000000001
rajasthan,karauli,2019,25.522,51.710465753424664,756.2499999999994
rajasthan,karauli,2020,25.95030054644809,46.68532786885246,508.2099999999998
rajasthan,karauli,2021,25.935342465753422,51.235232876712374,896.8799999999995
rajasthan,karauli,2022,25.99254794520547,52.31690410958905,815.7200000000001
rajasthan,karauli,2023,25.443150684931513,52.11046575342467,696.4899999999998
rajasthan,karauli,2024,25.634617486338794,54.1547267759563,1091.2499999999998
uttar pradesh,kasganj,2015,25.66830136986301,45.83523287671233,790.6499999999999
uttar pradesh,kasganj,2016,26.225819672131156,43.51163934426228,805.6300000000001
uttar pradesh,kasganj,2017,26.12704109589041,44.70249315068494,675.66
uttar pradesh,kasganj,2018,25.66049315068492,49.34257534246574,930.1199999999998
uttar pradesh,kasganj,2019,25.566575342465782,51.44153424657537,679.5
uttar pradesh,kasganj,2020,25.401612021857908,49.36702185792348,603.2499999999999
uttar pradesh,kasganj,2021,24.96764383561646,54.44550684931505,966.1599999999995
uttar pradesh,kasganj,2022,25.61427397260273,55.00293150684932,781.09
uttar pradesh,kasganj,2023,25.040301369863013,55.40104109589042,854.32
uttar pradesh,kasganj,2024,25.539781420765046,53.28133879781419,854.9800000000001
uttar pradesh,kaushambi,2015,27.22109589041097,46.62723287671235,685.4699999999998
uttar pradesh,kaushambi,2016,26.699562841530046,52.575874316939874,1119.3999999999999
uttar pradesh,kaushambi,2017,27.166136986301368,48.509424657534225,737.6099999999994
uttar pradesh,kaushambi,2018,27.091232876712326,47.94816438356165,868.0199999999999
uttar pradesh,kaushambi,2019,26.24827397260273,56.20882191780822,1083.04
uttar pradesh,kaushambi,2020,25.258961748633862,60.33057377049179,1017.2699999999999
uttar pradesh,kaushambi,2021,26.08463013698632,54.54616438356163,977.3899999999995
uttar pradesh,kaushambi,2022,26.371972602739746,55.04386301369862,882.0400000000002
uttar pradesh,kaushambi,2023,26.40136986301371,53.55276712328766,824.13
uttar pradesh,kaushambi,2024,26.687295081967225,53.41131147540983,800.8199999999999
uttar pradesh,kheri,2015,25.71183561643836,50.690191780821955,1012.8899999999998
uttar pradesh,kheri,2016,26.15128415300548,48.63737704918035,1116.7800000000002
uttar pradesh,kheri,2017,26.078410958904122,50.560520547945224,1040.4199999999996
uttar pradesh,kheri,2018,25.5525205479452,53.09123287671234,1368.3099999999993
uttar pradesh,kheri,2019,25.22778082191781,57.73753424657536,1212.59
uttar pradesh,kheri,2020,24.535655737704925,58.79948087431697,1181.1299999999999
uttar pradesh,kheri,2021,24.89476712328767,57.97758904109592,1322.0600000000002
uttar pradesh,kheri,2022,25.236657534246568,60.832109589041046,1202.03
uttar pradesh,kheri,2023,25.24490410958904,57.959780821917875,1069.0200000000002
uttar pradesh,kheri,2024,25.724398907103833,55.136174863387936,1024.6899999999996
rajasthan,kota,2015,25.334821917808213,49.27731506849317,889.7199999999998
rajasthan,kota,2016,25.988169398907104,47.94426229508194,1139.839999999999
rajasthan,kota,2017,26.16419178082191,43.61380821917806,567.3899999999998
rajasthan,kota,2018,25.960849315068497,44.50038356164384,730.54
rajasthan,kota,2019,25.020767123287676,55.27435616438356,1343.919999999999
rajasthan,kota,2020,25.354453551912567,52.86609289617492,625.8099999999997
rajasthan,kota,2021,25.635232876712337,54.40339726027398,1158.3599999999994
rajasthan,kota,2022,25.50517808219179,55.33638356164382,1114.8099999999997
rajasthan,kota,2023,25.346301369863014,53.17942465753427,692.9100000000001
rajasthan,kota,2024,25.753989071038248,54.392978142076466,938.4799999999997
uttar pradesh,kushinagar,2015,26.55282191780822,51.179260273972595,878.3199999999999
uttar pradesh,kushinagar,2016,26.547377049180337,52.602841530054654,1009.1499999999996
uttar pradesh,kushinagar,2017,26.595013698630122,54.145205479452045,1038.5799999999997
uttar pradesh,kushinagar,2018,26.23767123287673,51.917753424657604,926.3899999999996
uttar pradesh,kushinagar,2019,25.932191780821928,59.19986301369864,1161.8099999999995
uttar pradesh,kushinagar,2020,24.662814207650275,65.3908469945355,1409.1400000000003
uttar pradesh,kushinagar,2021,25.16369863013696,63.12956164383561,1677.4199999999994
uttar pradesh,kushinagar,2022,25.49558904109588,62.8372876712329,979.8000000000004
uttar pradesh,kushinagar,2023,26.248054794520545,56.371534246575315,866.6799999999997
uttar pradesh,kushinagar,2024,26.352650273224032,56.539480874316965,1010.8699999999999
uttar pradesh,lalitpur,2015,25.2494520547945,53.022356164383574,1019.1500000000002
uttar pradesh,lalitpur,2016,25.907349726775948,49.75131147540983,1229.8500000000004
uttar pradesh,lalitpur,2017,26.317972602739726,44.898219178082186,650.5399999999998
uttar pradesh,lalitpur,2018,26.02252054794521,46.95561643835621,825.7799999999999
uttar pradesh,lalitpur,2019,25.290273972602726,54.82128767123288,1277.8699999999997
uttar pradesh,lalitpur,2020,24.982677595628434,56.22489071038254,785.14
uttar pradesh,lalitpur,2021,25.47693150684933,54.007452054794506,1009.5100000000006
uttar pradesh,lalitpur,2022,25.359835616438367,56.12205479452052,1313.0599999999997
uttar pradesh,lalitpur,2023,24.88871232876713,57.066849315068474,868.3100000000006
uttar pradesh,lalitpur,2024,25.386393442622946,56.646994535519134,1137.6500000000003
uttar pradesh,lucknow,2015,26.54646575342466,46.651150684931494,737.8899999999999
uttar pradesh,lucknow,2016,26.391229508196723,49.130409836065546,1050.6899999999998
uttar pradesh,lucknow,2017,26.23139726027397,51.5985479452055,1128.5100000000002
uttar pradesh,lucknow,2018,25.947150684931515,52.35928767123289,1381.5199999999998
uttar pradesh,lucknow,2019,25.403643835616464,58.926575342465725,1300.6
uttar pradesh,lucknow,2020,24.76833333333334,59.20180327868852,1021.8200000000003
uttar pradesh,lucknow,2021,25.170630136986308,57.92421917808219,1346.2500000000002
uttar pradesh,lucknow,2022,25.452958904109575,59.903397260273934,1071.9700000000005
uttar pradesh,lucknow,2023,25.54569863013698,56.908520547945244,953.0799999999996
uttar pradesh,lucknow,2024,25.79303278688527,56.15374316939891,1163.9699999999996
uttar pradesh,maharajganj,2015,25.923232876712323,55.391534246575304,1120.7000000000005
uttar pradesh,maharajganj,2016,26.10852459016394,54.8724863387978,1249.9200000000008
uttar pradesh,maharajganj,2017,26.17808219178084,56.846547945205494,1334.4799999999996
uttar pradesh,maharajganj,2018,25.657890410958895,55.14243835616438,1188.32
uttar pradesh,maharajganj,2019,25.513178082191786,61.112986301369865,1395.7299999999989
uttar pradesh,maharajganj,2020,24.376010928961747,66.85338797814208,1687.6999999999996
uttar pradesh,maharajganj,2021,24.9123287671233,64.7434794520548,2193.680000000002
uttar pradesh,maharajganj,2022,25.051424657534252,66.32024657534248,1268.4600000000003
uttar pradesh,maharajganj,2023,25.692465753424663,60.29356164383561,1154.7300000000007
uttar pradesh,maharajganj,2024,25.846038251366124,59.77691256830606,1357.2999999999997
uttar pradesh,mahoba,2015,26.928465753424607,47.036821917808226,674.1099999999998
uttar pradesh,mahoba,2016,26.73352459016394,50.81300546448083,1065.7099999999996
uttar pradesh,mahoba,2017,27.46797260273971,44.75849315068493,558.1499999999999
uttar pradesh,mahoba,2018,27.028958904109604,47.77953424657534,901.36
uttar pradesh,mahoba,2019,26.09378082191781,56.06613698630136,1041.55
uttar pradesh,mahoba,2020,25.472076502732243,57.54726775956285,856.9100000000003
uttar pradesh,mahoba,2021,26.13898630136986,53.65482191780819,958.0699999999996
uttar pradesh,mahoba,2022,26.19668493150685,56.14002739726028,961.1499999999996
uttar pradesh,mahoba,2023,26.10295890410961,54.659205479451956,843.45
uttar pradesh,mahoba,2024,26.3433606557377,55.3268306010929,879.4100000000001
uttar pradesh,mainpuri,2015,26.365753424657495,44.12942465753426,643.6699999999996
uttar pradesh,mainpuri,2016,26.902540983606553,42.88459016393443,764.3999999999999
uttar pradesh,mainpuri,2017,27.12312328767121,40.95868493150688,516.1
uttar pradesh,mainpuri,2018,26.339479452054793,47.14824657534249,871.0200000000001
uttar pradesh,mainpuri,2019,25.918383561643846,51.979835616438386,744.7199999999999
uttar pradesh,mainpuri,2020,26.02295081967216,47.61412568306011,558.7699999999999
uttar pradesh,mainpuri,2021,25.921726027397266,50.8749589041096,809.54
uttar pradesh,mainpuri,2022,26.068821917808215,53.40246575342463,824.6399999999999
uttar pradesh,mainpuri,2023,25.784904109589046,52.436246575342444,730.0799999999999
uttar pradesh,mainpuri,2024,25.835163934426223,54.18412568306013,989.2899999999998
uttar pradesh,mathura,2015,26.12772602739724,42.609479452054764,584.22
uttar pradesh,mathura,2016,26.71972677595628,41.09000000000003,768.5099999999996
uttar pradesh,mathura,2017,26.708493150684927,39.79241095890412,508.98
uttar pradesh,mathura,2018,26.10575342465753,45.42219178082189,815.3700000000006
uttar pradesh,mathura,2019,25.971342465753406,48.70150684931511,631.8499999999999
uttar pradesh,mathura,2020,25.96756830601092,45.662322404371565,483.28999999999996
uttar pradesh,mathura,2021,25.612904109589042,51.205945205479445,844.2599999999996
uttar pradesh,mathura,2022,26.135287671232906,51.77284931506851,755.2899999999997
uttar pradesh,mathura,2023,25.518438356164367,51.870821917808236,756.4699999999997
uttar pradesh,mathura,2024,25.87669398907104,51.819972677595636,886.0599999999997
uttar pradesh,mau,2015,26.755945205479467,50.319068493150695,795.92
uttar pradesh,mau,2016,26.524890710382525,53.86407103825137,947.95
uttar pradesh,mau,2017,26.778520547945224,53.155561643835576,815.4000000000001
uttar pradesh,mau,2018,26.576356164383593,50.17334246575341,768.8299999999998
uttar pradesh,mau,2019,26.209369863013706,57.82649315068494,977.3900000000001
uttar pradesh,mau,2020,24.798715846994536,64.90879781420763,1169.77
uttar pradesh,mau,2021,25.261479452054797,62.38736986301369,1320.7999999999995
uttar pradesh,mau,2022,25.849972602739726,60.16441095890406,813.5
uttar pradesh,mau,2023,26.592712328767124,53.9171232876712,715.8199999999999
uttar pradesh,mau,2024,26.504972677595646,55.818442622950826,893.2700000000002
uttar pradesh,meerut,2015,24.937972602739723,46.55495890410961,862.4499999999995
uttar pradesh,meerut,2016,26.061229508196696,39.60122950819672,658.4099999999999
uttar pradesh,meerut,2017,25.610684931506842,43.3117260273973,655.4499999999999
uttar pradesh,meerut,2018,25.0933424657534,48.157397260273996,840.5099999999995
uttar pradesh,meerut,2019,25.15723287671232,50.07378082191782,639.6599999999999
uttar pradesh,meerut,2020,24.59549180327869,51.44505464480874,745.8099999999996
uttar pradesh,meerut,2021,24.411561643835626,54.71969863013696,1124.2099999999996
uttar pradesh,meerut,2022,25.049561643835613,55.78082191780825,857.4000000000001
uttar pradesh,meerut,2023,24.284904109589075,57.17380821917809,1007.2699999999999
uttar pradesh,meerut,2024,25.159726775956283,52.668907103825106,927.6399999999999
uttar pradesh,mirzapur,2015,26.7582191780822,50.565616438356166,780.1199999999995
uttar pradesh,mirzapur,2016,26.5389344262295,53.92169398907102,1197.1300000000008
uttar pradesh,mirzapur,2017,26.91372602739725,51.031150684931525,733.0200000000003
uttar pradesh,mirzapur,2018,26.845698630136997,48.74331506849315,828.3899999999998
uttar pradesh,mirzapur,2019,26.257260273972623,55.95504109589042,1066.74
uttar pradesh,mirzapur,2020,24.909726775956262,63.59912568306004,1083.5699999999997
uttar pradesh,mirzapur,2021,25.727726027397257,56.767616438356164,983.4899999999998
uttar pradesh,mirzapur,2022,26.183945205479432,55.14986301369865,906.5300000000001
uttar pradesh,mirzapur,2023,26.32043835616437,54.184356164383566,812.7399999999997
uttar pradesh,mirzapur,2024,26.308852459016357,56.36401639344261,1011.81
uttar pradesh,moradabad,2015,25.013013698630125,50.20397260273974,1020.2599999999993
uttar pradesh,moradabad,2016,25.915109289617483,43.589999999999975,797.5999999999999
uttar pradesh,moradabad,2017,25.786109589041118,46.73210958904108,795.2399999999997
uttar pradesh,moradabad,2018,25.237178082191814,50.3037808219178,972.3799999999995
uttar pradesh,moradabad,2019,25.25756164383562,51.77673972602738,772.4899999999998
uttar pradesh,moradabad,2020,24.589590163934442,53.554180327868885,848.6399999999998
uttar pradesh,moradabad,2021,24.619424657534253,54.91986301369863,1161.95
uttar pradesh,moradabad,2022,25.222794520547954,57.2771506849315,890.7199999999998
uttar pradesh,moradabad,2023,24.639424657534256,57.942027397260325,1093.5599999999993
uttar pradesh,moradabad,2024,25.329016393442632,54.248715846994514,1009.1700000000002
uttar pradesh,muzaffarnagar,2015,24.574602739726046,49.45901369863014,1018.0499999999997
uttar pradesh,muzaffarnagar,2016,25.84740437158467,41.05904371584697,725.97
uttar pradesh,muzaffarnagar,2017,25.343753424657557,45.43183561643837,751.2399999999998
uttar pradesh,muzaffarnagar,2018,24.718410958904123,50.21983561643834,927.0
uttar pradesh,muzaffarnagar,2019,24.761150684931508,51.91126027397262,746.6
uttar pradesh,muzaffarnagar,2020,23.993715846994547,54.67352459016395,952.2800000000003
uttar pradesh,muzaffarnagar,2021,24.218356164383568,55.38084931506852,1253.3999999999999
uttar pradesh,muzaffarnagar,2022,24.560821917808212,59.02186301369867,1064.4699999999993
uttar pradesh,muzaffarnagar,2023,23.8805205479452,60.00243835616443,1232.279999999999
uttar pradesh,muzaffarnagar,2024,24.871775956284182,54.64024590163929,1093.0399999999997
rajasthan,nagaur,2015,25.74945205479451,40.46695890410959,420.0199999999999
rajasthan,nagaur,2016,26.566147540983593,39.483278688524564,469.94999999999993
rajasthan,nagaur,2017,26.00038356164384,38.8662191780822,445.09
rajasthan,nagaur,2018,26.464493150684913,34.87413698630132,336.68
rajasthan,nagaur,2019,25.760136986301397,45.206054794520526,510.7299999999997
rajasthan,nagaur,2020,25.79786885245901,43.54437158469945,430.31
rajasthan,nagaur,2021,26.58898630136986,41.88904109589041,408.03000000000003
rajasthan,nagaur,2022,26.450547945205457,44.52536986301367,535.65
rajasthan,nagaur,2023,25.489013698630142,47.56490410958908,668.77
rajasthan,nagaur,2024,26.480846994535497,44.353333333333325,502.64999999999986
rajasthan,pali,2015,26.465068493150685,41.11054794520548,394.8999999999999
rajasthan,pali,2016,26.87232240437159,42.83521857923496,528.7299999999998
rajasthan,pali,2017,26.338931506849327,42.544082191780795,569.6999999999999
rajasthan,pali,2018,27.178958904109564,35.1019726027397,252.41999999999993
rajasthan,pali,2019,26.279698630136973,47.78915068493153,514.7899999999997
rajasthan,pali,2020,26.30030054644809,47.00647540983605,519.8200000000002
rajasthan,pali,2021,27.288328767123282,42.45816438356163,326.2799999999999
rajasthan,pali,2022,26.896027397260276,46.33706849315069,580.8599999999997
rajasthan,pali,2023,26.088000000000008,49.30457534246576,643.41
rajasthan,pali,2024,27.093442622950842,45.12685792349729,492.5899999999999
uttar pradesh,pilibhit,2015,25.119945205479443,53.41246575342468,1221.5899999999995
uttar pradesh,pilibhit,2016,25.72866120218578,49.661147540983585,1169.6399999999999
uttar pradesh,pilibhit,2017,25.71750684931506,51.53,1070.9999999999995
uttar pradesh,pilibhit,2018,25.19739726027396,54.00676712328774,1392.5199999999995
uttar pradesh,pilibhit,2019,24.967013698630133,57.598191780821956,1126.93
uttar pradesh,pilibhit,2020,24.053442622950815,60.31978142076499,1472.0999999999995
uttar pradesh,pilibhit,2021,24.551123287671217,58.32646575342465,1386.0300000000002
uttar pradesh,pilibhit,2022,24.9956712328767,61.34367123287675,1094.0600000000004
uttar pradesh,pilibhit,2023,24.75884931506852,59.95112328767123,1148.2599999999998
uttar pradesh,pilibhit,2024,25.321393442622938,56.667240437158455,1145.999999999999
rajasthan,pratapgarh,2015,25.37967123287672,49.991315068493144,868.8200000000003
rajasthan,pratapgarh,2016,25.625,49.42237704918035,1162.8799999999999
rajasthan,pratapgarh,2017,25.544273972602745,48.19306849315067,791.7699999999995
rajasthan,pratapgarh,2018,25.83438356164382,45.0438630136986,694.55
rajasthan,pratapgarh,2019,24.930657534246564,56.08898630136987,1268.3200000000002
rajasthan,pratapgarh,2020,24.921857923497267,56.253060109289606,846.1800000000001
rajasthan,pratapgarh,2021,25.227452054794522,55.98682191780823,1022.3199999999997
rajasthan,pratapgarh,2022,25.2367123287671,55.57476712328764,1026.4599999999996
rajasthan,pratapgarh,2023,24.775726027397234,56.5410410958904,991.79
rajasthan,pratapgarh,2024,25.556038251366108,55.37207650273225,967.7099999999997
uttar pradesh,pratapgarh,2015,26.99936986301371,46.32041095890415,677.5599999999998
uttar pradesh,pratapgarh,2016,26.415546448087426,52.46683060109288,1010.2099999999999
uttar pradesh,pratapgarh,2017,26.599945205479436,51.533205479452064,879.8999999999994
uttar pradesh,pratapgarh,2018,26.551205479452076,49.99435616438357,882.7799999999996
uttar pradesh,pratapgarh,2019,25.900109589041108,57.782328767123296,1130.2099999999994
uttar pradesh,pratapgarh,2020,24.705765027322396,62.42568306010923,1062.5199999999998
uttar pradesh,pratapgarh,2021,25.32323287671232,58.91295890410961,1192.5100000000007
uttar pradesh,pratapgarh,2022,25.83698630136988,57.833452054794485,897.2900000000001
uttar pradesh,pratapgarh,2023,26.079260273972594,54.749506849315075,824.1699999999996
uttar pradesh,pratapgarh,2024,26.32114754098359,54.43573770491799,863.5299999999996
uttar pradesh,prayagraj,2015,27.221972602739747,47.089041095890394,683.08
uttar pradesh,prayagraj,2016,26.67292349726776,53.07879781420763,1069.2500000000005
uttar pradesh,prayagraj,2017,27.033753424657522,50.17298630136984,785.1299999999997
uttar pradesh,prayagraj,2018,27.073863013698627,47.906000000000034,793.6
uttar pradesh,prayagraj,2019,26.29772602739727,56.35293150684932,1110.4699999999996
uttar pradesh,prayagraj,2020,25.109398907103827,61.896393442622966,1032.6999999999998
uttar pradesh,prayagraj,2021,25.824109589041104,56.68139726027395,1068.5800000000002
uttar pradesh,prayagraj,2022,26.303808219178045,55.5095616438356,876.2199999999999
uttar pradesh,prayagraj,2023,26.443534246575325,53.71654794520546,807.0399999999995
uttar pradesh,prayagraj,2024,26.55371584699454,54.74532786885247,908.3299999999998
uttar pradesh,raebareli,2015,27.081808219178065,45.118849315068495,618.5299999999996
uttar pradesh,raebareli,2016,26.45969945355189,51.361967213114724,985.8300000000002
uttar pradesh,raebareli,2017,26.725698630136986,49.714301369863016,838.4
uttar pradesh,raebareli,2018,26.567643835616426,50.006767123287695,991.59
uttar pradesh,raebareli,2019,25.810383561643828,57.62687671232875,1101.7999999999997
uttar pradesh,raebareli,2020,24.861065573770492,60.7216939890711,986.0100000000001
uttar pradesh,raebareli,2021,25.5846301369863,56.403342465753425,1053.9599999999996
uttar pradesh,raebareli,2022,25.909835616438357,57.129616438356194,910.2299999999999
uttar pradesh,raebareli,2023,25.956219178082208,55.04783561643833,848.8499999999998
uttar pradesh,raebareli,2024,26.461557377049196,52.862213114754056,726.24
rajasthan,rajsamand,2015,24.443287671232866,44.68898630136986,506.0
rajasthan,rajsamand,2016,24.621830601092896,47.09827868852463,876.2899999999998
rajasthan,rajsamand,2017,24.40964383561644,45.55586301369859,709.8400000000003
rajasthan,rajsamand,2018,24.839698630136997,40.93131506849316,445.89999999999975
rajasthan,rajsamand,2019,23.776109589041084,53.74065753424656,816.2400000000005
rajasthan,rajsamand,2020,23.90401639344263,52.96877049180329,783.4399999999998
rajasthan,rajsamand,2021,24.604219178082186,50.38391780821915,618.4999999999994
rajasthan,rajsamand,2022,24.51482191780822,50.27339726027397,777.0500000000003
rajasthan,rajsamand,2023,23.62495890410959,55.23635616438352,915.5400000000003
rajasthan,rajsamand,2024,24.658770491803267,50.733142076502766,694.7599999999996
uttar pradesh,rampur,2015,25.013013698630125,50.20397260273974,1020.2599999999993
uttar pradesh,rampur,2016,25.915109289617483,43.589999999999975,797.5999999999999
uttar pradesh,rampur,2017,25.786109589041118,46.73210958904108,795.2399999999997
uttar pradesh,rampur,2018,25.237178082191814,50.3037808219178,972.3799999999995
uttar pradesh,rampur,2019,25.25756164383562,51.77673972602738,772.4899999999998
uttar pradesh,rampur,2020,24.589590163934442,53.554180327868885,848.6399999999998
uttar pradesh,rampur,2021,24.619424657534253,54.91986301369863,1161.95
uttar pradesh,rampur,2022,25.222794520547954,57.2771506849315,890.7199999999998
uttar pradesh,rampur,2023,24.639424657534256,57.942027397260325,1093.5599999999993
uttar pradesh,rampur,2024,25.329016393442632,54.248715846994514,1009.1700000000002
uttar pradesh,saharanpur,2015,24.2310410958904,52.37027397260271,1216.5899999999997
uttar pradesh,saharanpur,2016,25.315928961748646,45.05215846994537,931.7400000000006
uttar pradesh,saharanpur,2017,24.650931506849297,50.336657534246555,1141.74
uttar pradesh,saharanpur,2018,24.1259178082192,53.65797260273972,1265.529999999999
uttar pradesh,saharanpur,2019,24.111232876712336,54.724027397260244,993.1499999999994
uttar pradesh,saharanpur,2020,23.41172131147542,56.82191256830601,1221.0399999999997
uttar pradesh,saharanpur,2021,23.940684931506844,55.73027397260272,1466.0899999999997
uttar pradesh,saharanpur,2022,24.05835616438355,61.956219178082215,1429.2000000000005
uttar pradesh,saharanpur,2023,23.50868493150685,61.99983561643839,1534.209999999999
uttar pradesh,saharanpur,2024,24.534180327868853,55.97860655737708,1286.1299999999997
uttar pradesh,sambhal,2015,25.280164383561658,47.996054794520575,914.8999999999995
uttar pradesh,sambhal,2016,25.97469945355194,43.70800546448087,812.7300000000001
uttar pradesh,sambhal,2017,25.827342465753407,46.26087671232875,764.1899999999998
uttar pradesh,sambhal,2018,25.357397260273963,50.43032876712335,988.8199999999999
uttar pradesh,sambhal,2019,25.361452054794537,52.112602739726015,721.4799999999998
uttar pradesh,sambhal,2020,24.963797814207634,51.67953551912561,711.1999999999998
uttar pradesh,sambhal,2021,24.628410958904126,55.70964383561643,1078.3400000000001
uttar pradesh,sambhal,2022,25.3438904109589,56.44665753424656,810.86
uttar pradesh,sambhal,2023,24.766876712328788,56.88079452054792,953.9700000000001
uttar pradesh,sambhal,2024,25.383934426229516,53.76680327868852,902.2699999999998
uttar pradesh,sant kabir nagar,2015,26.184602739726007,52.65778082191782,966.5799999999996
uttar pradesh,sant kabir nagar,2016,26.222185792349713,53.080327868852486,1222.27
uttar pradesh,sant kabir nagar,2017,26.26983561643837,55.22378082191779,1256.5000000000005
uttar pradesh,sant kabir nagar,2018,25.722246575342478,54.676164383561655,1278.4
uttar pradesh,sant kabir nagar,2019,25.60649315068493,60.19619178082192,1372.4299999999996
uttar pradesh,sant kabir nagar,2020,24.576256830601093,64.36901639344272,1437.6599999999994
uttar pradesh,sant kabir nagar,2021,25.015424657534254,62.97808219178084,1938.0199999999998
uttar pradesh,sant kabir nagar,2022,25.338356164383583,63.89945205479451,1148.68
uttar pradesh,sant kabir nagar,2023,25.733123287671194,59.073917808219186,1079.0900000000001
uttar pradesh,sant kabir nagar,2024,25.951612021857926,58.21076502732245,1308.87
rajasthan,sawai madhopur,2015,25.78257534246576,47.25142465753433,718.6800000000001
rajasthan,sawai madhopur,2016,26.503005464480854,45.72612021857922,864.9900000000004
rajasthan,sawai madhopur,2017,26.820904109589033,40.060986301369844,445.0999999999996
rajasthan,sawai madhopur,2018,26.07720547945208,45.845013698630154,888.59
rajasthan,sawai madhopur,2019,25.45046575342464,53.81410958904111,951.1499999999996
rajasthan,sawai madhopur,2020,26.028934426229508,48.72734972677596,531.9199999999998
rajasthan,sawai madhopur,2021,26.092767123287672,52.66109589041097,1125.4999999999993
rajasthan,sawai madhopur,2022,25.852712328767144,54.654630136986306,994.0500000000004
rajasthan,sawai madhopur,2023,25.409506849315058,54.21446575342465,728.82
rajasthan,sawai madhopur,2024,25.860710382513677,54.641311475409836,1127.5099999999993
uttar pradesh,shahjahanpur,2015,25.52273972602741,49.99416438356163,1058.809999999999
uttar pradesh,shahjahanpur,2016,26.0274043715847,47.71622950819674,1040.3499999999997
uttar pradesh,shahjahanpur,2017,26.057643835616442,48.716383561643816,884.4599999999994
uttar pradesh,shahjahanpur,2018,25.54002739726025,52.16646575342466,1228.87
uttar pradesh,shahjahanpur,2019,25.28120547945207,55.772082191780804,991.6299999999994
uttar pradesh,shahjahanpur,2020,24.701912568306025,55.89191256830602,1004.9600000000004
uttar pradesh,shahjahanpur,2021,24.89008219178081,56.4801095890411,1122.3500000000001
uttar pradesh,shahjahanpur,2022,25.38391780821919,58.10723287671234,1005.78
uttar pradesh,shahjahanpur,2023,25.168657534246574,56.58745205479452,975.8399999999998
uttar pradesh,shahjahanpur,2024,25.548743169398897,54.9228415300546,1011.3000000000004
uttar pradesh,shamli,2015,24.574602739726046,49.45901369863014,1018.0499999999997
uttar pradesh,shamli,2016,25.84740437158467,41.05904371584697,725.97
uttar pradesh,shamli,2017,25.343753424657557,45.43183561643837,751.2399999999998
uttar pradesh,shamli,2018,24.718410958904123,50.21983561643834,927.0
uttar pradesh,shamli,2019,24.761150684931508,51.91126027397262,746.6
uttar pradesh,shamli,2020,23.993715846994547,54.67352459016395,952.2800000000003
uttar pradesh,shamli,2021,24.218356164383568,55.38084931506852,1253.3999999999999
uttar pradesh,shamli,2022,24.560821917808212,59.02186301369867,1064.4699999999993
uttar pradesh,shamli,2023,23.8805205479452,60.00243835616443,1232.279999999999
uttar pradesh,shamli,2024,24.871775956284182,54.64024590163929,1093.0399999999997
uttar pradesh,shravasti,2015,25.850027397260273,52.3381643835616,1113.2700000000004
uttar pradesh,shravasti,2016,26.127267759562862,51.41265027322404,1371.069999999999
uttar pradesh,shravasti,2017,26.042410958904103,54.004054794520556,1365.7199999999991
uttar pradesh,shravasti,2018,25.530301369863004,54.490301369862955,1565.0399999999997
uttar pradesh,shravasti,2019,25.235068493150674,59.99158904109587,1508.3499999999988
uttar pradesh,shravasti,2020,24.510027322404383,61.70521857923499,1371.4299999999987
uttar pradesh,shravasti,2021,24.755260273972606,61.77501369863015,2020.49
uttar pradesh,shravasti,2022,25.117917808219197,63.33704109589044,1290.6999999999994
uttar pradesh,shravasti,2023,25.368136986301334,59.445068493150664,1211.8199999999993
uttar pradesh,shravasti,2024,25.665300546448098,57.65103825136614,1437.9099999999992
uttar pradesh,siddharthnagar,2015,25.98890410958904,50.87832876712332,971.74
uttar pradesh,siddharthnagar,2016,26.225901639344254,50.29221311475409,1286.1199999999992
uttar pradesh,siddharthnagar,2017,26.210547945205505,52.832547945205455,1256.2999999999993
uttar pradesh,siddharthnagar,2018,25.641452054794513,52.825753424657506,1548.8899999999996
uttar pradesh,siddharthnagar,2019,25.375068493150675,58.34739726027398,1476.6399999999994
uttar pradesh,siddharthnagar,2020,24.671612021857943,60.19133879781423,1210.6300000000006
uttar pradesh,siddharthnagar,2021,24.94843835616438,60.378438356164345,1727.17
uttar pradesh,siddharthnagar,2022,25.237972602739713,62.33134246575338,1183.7399999999996
uttar pradesh,siddharthnagar,2023,25.503424657534236,58.041506849315056,1100.6799999999994
uttar pradesh,siddharthnagar,2024,25.785,56.24494535519129,1325.1199999999985
rajasthan,sikar,2015,25.19715068493152,40.87301369863014,491.24999999999983
rajasthan,sikar,2016,26.222295081967196,38.20874316939889,492.0300000000001
rajasthan,sikar,2017,25.795178082191786,37.11928767123286,395.56999999999994
rajasthan,sikar,2018,25.785561643835646,37.01093150684932,472.7399999999999
rajasthan,sikar,2019,25.058931506849305,45.63534246575341,656.8100000000001
rajasthan,sikar,2020,25.199808743169402,43.61284153005466,485.9799999999999
rajasthan,sikar,2021,25.52150684931507,45.510520547945205,693.2399999999999
rajasthan,sikar,2022,25.78879452054793,45.80471232876717,633.3899999999999
rajasthan,sikar,2023,24.956931506849312,47.772876712328774,795.2900000000001
rajasthan,sikar,2024,25.494726775956302,47.58540983606555,815.5700000000002
rajasthan,sirohi,2015,25.72043835616436,43.46008219178083,524.2599999999999
rajasthan,sirohi,2016,25.876366120218556,45.8110928961749,756.0100000000003
rajasthan,sirohi,2017,25.63498630136991,45.13186301369859,829.8799999999998
rajasthan,sirohi,2018,26.255890410958937,38.90241095890407,388.51000000000005
rajasthan,sirohi,2019,25.188383561643832,51.66468493150686,763.7599999999999
rajasthan,sirohi,2020,25.25352459016394,51.438825136612024,888.8400000000003
rajasthan,sirohi,2021,26.05060273972601,47.64638356164386,526.2599999999998
rajasthan,sirohi,2022,25.803561643835614,48.52504109589041,801.7899999999996
rajasthan,sirohi,2023,24.96213698630137,53.806767123287706,945.4499999999999
rajasthan,sirohi,2024,25.974562841530044,48.884398907103794,701.0700000000002
uttar pradesh,sitapur,2015,26.13745205479451,47.44298630136985,792.2500000000002
uttar pradesh,sitapur,2016,26.364043715846993,47.44959016393443,976.2399999999998
uttar pradesh,sitapur,2017,26.207835616438352,49.554794520547944,974.9300000000001
uttar pradesh,sitapur,2018,25.82013698630135,51.77975342465753,1260.3799999999997
uttar pradesh,sitapur,2019,25.25709589041096,57.92832876712324,1153.55
uttar pradesh,sitapur,2020,24.836557377049193,56.700710382513705,932.2400000000001
uttar pradesh,sitapur,2021,25.200109589041077,55.93764383561644,1106.7199999999993
uttar pradesh,sitapur,2022,25.421095890410967,59.00575342465759,1143.1499999999992
uttar pradesh,sitapur,2023,25.427397260273967,56.21372602739723,928.2899999999997
uttar pradesh,sitapur,2024,25.73806010928963,54.825437158469924,953.3599999999997
uttar pradesh,sonbhadra,2015,25.93115068493152,54.90345205479455,1025.35
uttar pradesh,sonbhadra,2016,26.1554644808743,55.27595628415303,1201.56
uttar pradesh,sonbhadra,2017,26.35301369863012,53.838082191780835,810.2699999999995
uttar pradesh,sonbhadra,2018,26.385726027397244,49.9470684931507,842.5399999999998
uttar pradesh,sonbhadra,2019,25.915397260273945,56.5796712328767,1037.2499999999998
uttar pradesh,sonbhadra,2020,24.44989071038253,65.47027322404368,1247.3999999999996
uttar pradesh,sonbhadra,2021,25.218493150684946,59.18652054794518,1070.3099999999995
uttar pradesh,sonbhadra,2022,25.807890410958876,55.4702191780822,868.9799999999998
uttar pradesh,sonbhadra,2023,26.005178082191765,54.246465753424665,826.7699999999994
uttar pradesh,sonbhadra,2024,25.99710382513661,57.73038251366116,1059.52
uttar pradesh,sultanpur,2015,26.73386301369864,46.999068493150716,738.1099999999997
uttar pradesh,sultanpur,2016,26.33560109289619,51.554371584699446,1035.7899999999997
uttar pradesh,sultanpur,2017,26.32841095890411,52.73402739726028,1031.7699999999998
uttar pradesh,sultanpur,2018,26.110684931506842,52.23545205479453,1075.5999999999997
uttar pradesh,sultanpur,2019,25.64254794520547,58.876027397260316,1211.41
uttar pradesh,sultanpur,2020,24.514125683060126,62.87101092896182,1157.6999999999996
uttar pradesh,sultanpur,2021,25.035287671232876,60.320246575342445,1429.4399999999998
uttar pradesh,sultanpur,2022,25.483589041095907,60.375452054794515,977.4900000000001
uttar pradesh,sultanpur,2023,25.777178082191774,56.40931506849317,897.2199999999998
uttar pradesh,sultanpur,2024,26.00333333333333,55.9291256830601,985.8899999999999
rajasthan,tonk,2015,25.69676712328764,45.51200000000005,648.1299999999999
rajasthan,tonk,2016,26.3086612021858,45.426693989071005,860.2099999999998
rajasthan,tonk,2017,26.453561643835613,40.38942465753428,504.7099999999998
rajasthan,tonk,2018,25.980794520547946,43.983342465753424,804.7099999999996
rajasthan,tonk,2019,25.185999999999982,53.390739726027384,1033.1799999999998
rajasthan,tonk,2020,25.724863387978136,48.92101092896175,569.3600000000001
rajasthan,tonk,2021,25.848410958904125,52.52441095890415,1061.28
rajasthan,tonk,2022,25.694027397260303,54.14273972602744,1016.8799999999995
rajasthan,tonk,2023,25.304054794520546,52.93983561643833,749.6699999999998
rajasthan,tonk,2024,25.812622950819662,53.25505464480871,1101.6399999999999
rajasthan,udaipur,2015,24.916273972602745,45.41265753424656,558.3099999999998
rajasthan,udaipur,2016,25.03445355191255,47.37010928961753,886.0599999999997
rajasthan,udaipur,2017,24.863616438356164,46.09043835616437,790.0699999999999
rajasthan,udaipur,2018,25.246356164383545,41.95419178082187,512.6899999999998
rajasthan,udaipur,2019,24.180191780821907,54.565232876712365,934.5
rajasthan,udaipur,2020,24.224808743169397,54.34030054644813,915.2599999999998
rajasthan,udaipur,2021,24.849534246575338,51.88147945205479,704.38
rajasthan,udaipur,2022,24.810684931506838,51.383726027397245,840.3600000000002
rajasthan,udaipur,2023,23.898246575342483,56.35432876712325,1013.2499999999998
rajasthan,udaipur,2024,24.96710382513661,52.18349726775956,775.8599999999999
uttar pradesh,unnao,2015,27.031287671232867,43.42010958904109,536.84
uttar pradesh,unnao,2016,26.754890710382504,46.893224043715804,829.3699999999994
uttar pradesh,unnao,2017,26.780712328767155,47.40775342465754,858.9999999999993
uttar pradesh,unnao,2018,26.431561643835597,49.60912328767119,1124.3799999999999
uttar pradesh,unnao,2019,25.610684931506853,57.370794520547946,1072.9300000000003
uttar pradesh,unnao,2020,25.107213114754074,57.07841530054642,909.0300000000003
uttar pradesh,unnao,2021,25.615232876712327,54.86591780821918,1049.5400000000002
uttar pradesh,unnao,2022,25.75728767123288,57.56090410958905,1022.0799999999996
uttar pradesh,unnao,2023,25.782767123287673,55.0450410958904,862.7799999999997
uttar pradesh,unnao,2024,26.250136612021876,52.99724043715845,773.6099999999999
uttar pradesh,varanasi,2015,27.15320547945208,48.81884931506852,713.1899999999998
uttar pradesh,varanasi,2016,26.76273224043716,53.66642076502734,1039.2499999999993
uttar pradesh,varanasi,2017,27.144520547945184,51.193999999999996,765.4999999999995
uttar pradesh,varanasi,2018,27.03956164383562,48.42309589041096,761.7
uttar pradesh,varanasi,2019,26.474246575342473,56.47682191780823,1059.6699999999996
uttar pradesh,varanasi,2020,25.216803278688516,62.67448087431696,1040.55
uttar pradesh,varanasi,2021,25.773890410958927,58.47260273972606,1114.41
uttar pradesh,varanasi,2022,26.313726027397262,56.56161643835614,845.8799999999998
uttar pradesh,varanasi,2023,26.709178082191773,53.26293150684933,778.1299999999998
uttar pradesh,varanasi,2024,26.640054644808735,55.44133879781418,919.9399999999996
