system:index,District_Name,NDVI,Year,.geo
1_1_1_1_1_1_1_1_1_2_0001000000000000180c,Gorakhpur,0.29650634125923947,2015,"{""type"":""MultiPoint"",""coordinates"":[]}"
1_1_1_1_1_1_1_1_1_2_000100000000000017f8,Aligarh,0.3912592403571502,2015,"{""type"":""MultiPoint"",""coordinates"":[]}"
1_1_1_1_1_1_1_1_1_2_00010000000000001825,Varanasi,,2015,"{""type"":""MultiPoint"",""coordinates"":[]}"
1_1_1_1_1_1_1_1_1_2_00010000000000001818,Meerut,0.34270720748121575,2015,"{""type"":""MultiPoint"",""coordinates"":[]}"
1_1_1_1_1_1_1_1_1_2_000100000000000017f7,Agra,0.41461321758057496,2015,"{""type"":""MultiPoint"",""coordinates"":[]}"
1_1_1_1_1_1_1_1_1_2_000100000000000017ff,Bareilly,0.29244129292407156,2015,"{""type"":""MultiPoint"",""coordinates"":[]}"
1_1_1_1_1_1_1_1_1_2_00010000000000001811,Jhansi,0.172567998063925,2015,"{""type"":""MultiPoint"",""coordinates"":[]}"
1_1_1_1_1_1_1_1_1_2_00010000000000001815,Lucknow,0.49038751285992693,2015,"{""type"":""MultiPoint"",""coordinates"":[]}"
1_1_1_1_1_1_1_1_2_0001000000000000180c,Gorakhpur,0.3261900919554771,2016,"{""type"":""MultiPoint"",""coordinates"":[]}"
1_1_1_1_1_1_1_1_2_000100000000000017f8,Aligarh,0.3461319085526362,2016,"{""type"":""MultiPoint"",""coordinates"":[]}"
1_1_1_1_1_1_1_1_2_00010000000000001825,Varanasi,0.35447969600843643,2016,"{""type"":""MultiPoint"",""coordinates"":[]}"
1_1_1_1_1_1_1_1_2_00010000000000001818,Meerut,0.431340126372631,2016,"{""type"":""MultiPoint"",""coordinates"":[]}"
1_1_1_1_1_1_1_1_2_000100000000000017f7,Agra,0.3579280833051331,2016,"{""type"":""MultiPoint"",""coordinates"":[]}"
1_1_1_1_1_1_1_1_2_000100000000000017ff,Bareilly,0.36879145993410445,2016,"{""type"":""MultiPoint"",""coordinates"":[]}"
1_1_1_1_1_1_1_1_2_00010000000000001811,Jhansi,0.33793431692750375,2016,"{""type"":""MultiPoint"",""coordinates"":[]}"
1_1_1_1_1_1_1_1_2_00010000000000001815,Lucknow,0.38251615843519876,2016,"{""type"":""MultiPoint"",""coordinates"":[]}"
1_1_1_1_1_1_1_2_0001000000000000180c,Gorakhpur,0.34305173960273083,2017,"{""type"":""MultiPoint"",""coordinates"":[]}"
1_1_1_1_1_1_1_2_000100000000000017f8,Aligarh,0.3474778136721176,2017,"{""type"":""MultiPoint"",""coordinates"":[]}"
1_1_1_1_1_1_1_2_00010000000000001825,Varanasi,0.34715878652798693,2017,"{""type"":""MultiPoint"",""coordinates"":[]}"
1_1_1_1_1_1_1_2_00010000000000001818,Meerut,0.5098748211788817,2017,"{""type"":""MultiPoint"",""coordinates"":[]}"
1_1_1_1_1_1_1_2_000100000000000017f7,Agra,0.30389315620199475,2017,"{""type"":""MultiPoint"",""coordinates"":[]}"
1_1_1_1_1_1_1_2_000100000000000017ff,Bareilly,0.3743144974370714,2017,"{""type"":""MultiPoint"",""coordinates"":[]}"
1_1_1_1_1_1_1_2_00010000000000001811,Jhansi,0.31254055087055976,2017,"{""type"":""MultiPoint"",""coordinates"":[]}"
1_1_1_1_1_1_1_2_00010000000000001815,Lucknow,0.37834045461407106,2017,"{""type"":""MultiPoint"",""coordinates"":[]}"
1_1_1_1_1_1_2_0001000000000000180c,Gorakhpur,0.3146117150683365,2018,"{""type"":""MultiPoint"",""coordinates"":[]}"
1_1_1_1_1_1_2_000100000000000017f8,Aligarh,0.4124950366675434,2018,"{""type"":""MultiPoint"",""coordinates"":[]}"
1_1_1_1_1_1_2_00010000000000001825,Varanasi,0.31704442613725814,2018,"{""type"":""MultiPoint"",""coordinates"":[]}"
1_1_1_1_1_1_2_00010000000000001818,Meerut,0.4785707677930205,2018,"{""type"":""MultiPoint"",""coordinates"":[]}"
1_1_1_1_1_1_2_000100000000000017f7,Agra,0.39165362156878714,2018,"{""type"":""MultiPoint"",""coordinates"":[]}"
1_1_1_1_1_1_2_000100000000000017ff,Bareilly,0.41321922203349043,2018,"{""type"":""MultiPoint"",""coordinates"":[]}"
1_1_1_1_1_1_2_00010000000000001811,Jhansi,0.36474909860150023,2018,"{""type"":""MultiPoint"",""coordinates"":[]}"
1_1_1_1_1_1_2_00010000000000001815,Lucknow,0.38276526248783577,2018,"{""type"":""MultiPoint"",""coordinates"":[]}"
1_1_1_1_1_2_0001000000000000180c,Gorakhpur,0.3398535557105223,2019,"{""type"":""MultiPoint"",""coordinates"":[]}"
1_1_1_1_1_2_000100000000000017f8,Aligarh,0.3469010973611652,2019,"{""type"":""MultiPoint"",""coordinates"":[]}"
1_1_1_1_1_2_00010000000000001825,Varanasi,0.35712744804339414,2019,"{""type"":""MultiPoint"",""coordinates"":[]}"
1_1_1_1_1_2_00010000000000001818,Meerut,0.43951813294581826,2019,"{""type"":""MultiPoint"",""coordinates"":[]}"
1_1_1_1_1_2_000100000000000017f7,Agra,0.3157575508814179,2019,"{""type"":""MultiPoint"",""coordinates"":[]}"
1_1_1_1_1_2_000100000000000017ff,Bareilly,0.40163252803096466,2019,"{""type"":""MultiPoint"",""coordinates"":[]}"
1_1_1_1_1_2_00010000000000001811,Jhansi,0.3411132122374698,2019,"{""type"":""MultiPoint"",""coordinates"":[]}"
1_1_1_1_1_2_00010000000000001815,Lucknow,0.3945737164918589,2019,"{""type"":""MultiPoint"",""coordinates"":[]}"
1_1_1_1_2_0001000000000000180c,Gorakhpur,0.3542942788744039,2020,"{""type"":""MultiPoint"",""coordinates"":[]}"
1_1_1_1_2_000100000000000017f8,Aligarh,0.38489488295887336,2020,"{""type"":""MultiPoint"",""coordinates"":[]}"
1_1_1_1_2_00010000000000001825,Varanasi,0.3760429036544004,2020,"{""type"":""MultiPoint"",""coordinates"":[]}"
1_1_1_1_2_00010000000000001818,Meerut,0.4658548784151139,2020,"{""type"":""MultiPoint"",""coordinates"":[]}"
1_1_1_1_2_000100000000000017f7,Agra,0.3420148735023782,2020,"{""type"":""MultiPoint"",""coordinates"":[]}"
1_1_1_1_2_000100000000000017ff,Bareilly,0.4050488910142954,2020,"{""type"":""MultiPoint"",""coordinates"":[]}"
1_1_1_1_2_00010000000000001811,Jhansi,0.3571676171726771,2020,"{""type"":""MultiPoint"",""coordinates"":[]}"
1_1_1_1_2_00010000000000001815,Lucknow,0.4232906831113631,2020,"{""type"":""MultiPoint"",""coordinates"":[]}"
1_1_1_2_0001000000000000180c,Gorakhpur,0.39034546505197554,2021,"{""type"":""MultiPoint"",""coordinates"":[]}"
1_1_1_2_000100000000000017f8,Aligarh,0.39648857654286723,2021,"{""type"":""MultiPoint"",""coordinates"":[]}"
1_1_1_2_00010000000000001825,Varanasi,0.3981069904278235,2021,"{""type"":""MultiPoint"",""coordinates"":[]}"
1_1_1_2_00010000000000001818,Meerut,0.45211071047217805,2021,"{""type"":""MultiPoint"",""coordinates"":[]}"
1_1_1_2_000100000000000017f7,Agra,0.3623960241748153,2021,"{""type"":""MultiPoint"",""coordinates"":[]}"
1_1_1_2_000100000000000017ff,Bareilly,0.4179465383591956,2021,"{""type"":""MultiPoint"",""coordinates"":[]}"
1_1_1_2_00010000000000001811,Jhansi,0.3625897031958005,2021,"{""type"":""MultiPoint"",""coordinates"":[]}"
1_1_1_2_00010000000000001815,Lucknow,0.4292200929026694,2021,"{""type"":""MultiPoint"",""coordinates"":[]}"
1_1_2_0001000000000000180c,Gorakhpur,0.40234693263608423,2022,"{""type"":""MultiPoint"",""coordinates"":[]}"
1_1_2_000100000000000017f8,Aligarh,0.4116323066144078,2022,"{""type"":""MultiPoint"",""coordinates"":[]}"
1_1_2_00010000000000001825,Varanasi,0.3717226106801006,2022,"{""type"":""MultiPoint"",""coordinates"":[]}"
1_1_2_00010000000000001818,Meerut,0.42882754193928424,2022,"{""type"":""MultiPoint"",""coordinates"":[]}"
1_1_2_000100000000000017f7,Agra,0.3997935058335915,2022,"{""type"":""MultiPoint"",""coordinates"":[]}"
1_1_2_000100000000000017ff,Bareilly,0.42596218179380224,2022,"{""type"":""MultiPoint"",""coordinates"":[]}"
1_1_2_00010000000000001811,Jhansi,0.43621038420023445,2022,"{""type"":""MultiPoint"",""coordinates"":[]}"
1_1_2_00010000000000001815,Lucknow,0.4289154559379068,2022,"{""type"":""MultiPoint"",""coordinates"":[]}"
1_2_0001000000000000180c,Gorakhpur,0.37916474096527525,2023,"{""type"":""MultiPoint"",""coordinates"":[]}"
1_2_000100000000000017f8,Aligarh,0.4303181655178403,2023,"{""type"":""MultiPoint"",""coordinates"":[]}"
1_2_00010000000000001825,Varanasi,0.41921753106152915,2023,"{""type"":""MultiPoint"",""coordinates"":[]}"
1_2_00010000000000001818,Meerut,0.4752289621524547,2023,"{""type"":""MultiPoint"",""coordinates"":[]}"
1_2_000100000000000017f7,Agra,0.37691565368178037,2023,"{""type"":""MultiPoint"",""coordinates"":[]}"
1_2_000100000000000017ff,Bareilly,0.448770218647205,2023,"{""type"":""MultiPoint"",""coordinates"":[]}"
1_2_00010000000000001811,Jhansi,0.41327355192999166,2023,"{""type"":""MultiPoint"",""coordinates"":[]}"
1_2_00010000000000001815,Lucknow,0.4329182883739568,2023,"{""type"":""MultiPoint"",""coordinates"":[]}"
2_0001000000000000180c,Gorakhpur,0.3697024343224858,2024,"{""type"":""MultiPoint"",""coordinates"":[]}"
2_000100000000000017f8,Aligarh,0.383400468193167,2024,"{""type"":""MultiPoint"",""coordinates"":[]}"
2_00010000000000001825,Varanasi,0.3917631388589313,2024,"{""type"":""MultiPoint"",""coordinates"":[]}"
2_00010000000000001818,Meerut,0.447489980148146,2024,"{""type"":""MultiPoint"",""coordinates"":[]}"
2_000100000000000017f7,Agra,0.3695313044105213,2024,"{""type"":""MultiPoint"",""coordinates"":[]}"
2_000100000000000017ff,Bareilly,0.36272719854235386,2024,"{""type"":""MultiPoint"",""coordinates"":[]}"
2_00010000000000001811,Jhansi,0.39185297605955416,2024,"{""type"":""MultiPoint"",""coordinates"":[]}"
2_00010000000000001815,Lucknow,0.40119599985106014,2024,"{""type"":""MultiPoint"",""coordinates"":[]}"
