Year,T2M,RH2M,PRECTOTCORR,District_Name,NDVI,Yield
2015,26.667506849315068,44.51687671232877,629.19,Lucknow,0.4903875128599269,2.3689295548137137
2016,26.60890710382514,46.55125683060109,869.86,Lucknow,0.3825161584351987,2.670001308480141
2017,26.42158904109589,48.90871232876712,960.07,Lucknow,0.378340454614071,2.580003138087939
2018,26.09906849315069,50.69367123287671,1216.01,Lucknow,0.3827652624878357,2.730016449328915
2019,25.41419178082192,57.75397260273973,1122.86,Lucknow,0.3945737164918589,2.6619956539613554
2020,24.975819672131145,56.59530054644809,900.43,Lucknow,0.4232906831113631,2.8280154990552275
2021,25.460520547945205,54.87734246575342,1047.85,Lucknow,0.4292200929026694,2.704001264068843
2022,25.61158904109589,57.86668493150685,1104.71,Lucknow,0.4289154559379068,2.871995970643258
2023,25.61441095890411,55.2869589041096,876.75,Lucknow,0.4329182883739568,2.972002015658223
2024,25.907131147540984,54.38245901639344,919.48,Lucknow,0.4011959998510601,1.8220008825568932
2015,26.39128767123288,43.29586301369863,589.35,Agra,0.4146132175805749,3.30971253270213
2016,26.95371584699453,42.14685792349727,771.76,Agra,0.3579280833051331,2.7699190524469337
2017,27.21909589041096,39.36076712328767,454.06,Agra,0.3038931562019947,3.153938122551968
2018,26.341506849315067,46.32767123287671,857.98,Agra,0.3916536215687871,3.2929964303849277
2019,26.030219178082195,50.75860273972602,698.9,Agra,0.3157575508814179,3.1829989646759
2020,26.19669398907104,46.16226775956284,510.4,Agra,0.3420148735023782,3.7034802885033167
2021,25.944027397260275,51.01701369863014,852.21,Agra,0.3623960241748153,3.896999814574448
2022,26.235726027397263,52.31093150684932,775.58,Agra,0.3997935058335915,3.831965542038268
2023,25.90109589041096,51.30161643835616,687.78,Agra,0.3769156536817803,3.705999697748224
2024,25.917786885245903,53.58273224043715,1016.9,Agra,0.3695313044105213,2.411001499603046
2015,27.15320547945205,48.8188493150685,713.1899999999999,Varanasi,0.3702959479333178,2.144497497223144
2016,26.76273224043716,53.666420765027326,1039.25,Varanasi,0.3544796960084364,2.534661846145017
2017,27.14452054794521,51.194,765.5,Varanasi,0.3471587865279869,2.541572357489566
2018,27.03956164383562,48.42309589041096,761.7,Varanasi,0.3170444261372581,2.822997934832492
2019,26.474246575342463,56.47682191780822,1059.67,Varanasi,0.3571274480433941,2.512917676226968
2020,25.216803278688527,62.67448087431694,1040.55,Varanasi,0.3760429036544004,2.802964242235497
2021,25.773890410958906,58.47260273972603,1114.41,Varanasi,0.3981069904278235,3.022281281425083
2022,26.313726027397266,56.56161643835617,845.88,Varanasi,0.3717226106801006,3.0788178753317554
2023,26.70917808219178,53.26293150684932,778.13,Varanasi,0.4192175310615291,2.7227337569705616
2024,26.640054644808743,55.44133879781421,919.94,Varanasi,0.3917631388589313,1.8509990235655889
2015,25.143671232876716,51.25235616438356,1154.19,Bareilly,0.2924412929240715,2.5350010910738963
2016,25.748852459016398,47.53765027322404,1068.98,Bareilly,0.3687914599341044,2.8500010162188527
2017,25.761561643835616,49.2612602739726,938.75,Bareilly,0.3743144974370714,2.8229987684729063
2018,25.26605479452055,52.4834794520548,1265.42,Bareilly,0.4132192220334904,2.98599782490484
2019,25.132986301369865,55.17087671232876,951.35,Bareilly,0.4016325280309646,2.794997859382121
2020,24.51969945355191,55.86904371584699,1010.58,Bareilly,0.4050488910142954,2.9140020811857874
2021,24.6233698630137,56.84180821917808,1218.28,Bareilly,0.4179465383591956,3.252998172304149
2022,25.25246575342465,58.35572602739726,902.82,Bareilly,0.4259621817938022,3.069997953714009
2023,24.77364383561644,58.31295890410959,1061.8,Bareilly,0.448770218647205,3.1509987602975285
2024,25.333743169398907,55.50437158469945,1072.45,Bareilly,0.3627271985423538,1.857999604888099
2015,26.184602739726024,52.65778082191781,966.58,Gorakhpur,0.2965063412592394,2.1919994450728875
2016,26.222185792349727,53.080327868852464,1222.27,Gorakhpur,0.3261900919554771,2.5250021703272854
2017,26.26983561643836,55.223780821917806,1256.5,Gorakhpur,0.3430517396027308,2.748600238963989
2018,25.722246575342467,54.67616438356164,1278.4,Gorakhpur,0.3146117150683365,2.7208088680307068
2019,25.606493150684933,60.19619178082192,1372.43,Gorakhpur,0.3398535557105223,2.6495235477852765
2020,24.576256830601093,64.36901639344262,1437.66,Gorakhpur,0.3542942788744039,2.9267456391838107
2021,25.015424657534243,62.97808219178082,1938.02,Gorakhpur,0.3903454650519755,3.0610006455094765
2022,25.33835616438356,63.89945205479452,1148.68,Gorakhpur,0.4023469326360842,3.114002491340752
2023,25.733123287671237,59.07391780821918,1079.09,Gorakhpur,0.3791647409652752,3.247012391294079
2024,25.95161202185793,58.2107650273224,1308.87,Gorakhpur,0.3697024343224858,1.7419985597670398
2015,24.937972602739727,46.55495890410959,862.4499999999999,Meerut,0.3427072074812157,3.6080049619625063
2016,26.06122950819672,39.60122950819672,658.41,Meerut,0.431340126372631,3.722003591017537
2017,25.61068493150685,43.31172602739726,655.45,Meerut,0.5098748211788817,3.703002979860255
2018,25.093342465753423,48.15739726027397,840.51,Meerut,0.4785707677930205,3.5860014807221368
2019,25.157232876712328,50.07378082191781,639.66,Meerut,0.4395181329458182,3.667001543701453
2020,24.59549180327869,51.44505464480874,745.81,Meerut,0.4658548784151139,4.079997537400726
2021,24.41156164383561,54.71969863013698,1124.21,Meerut,0.452110710472178,4.209002026794478
2022,25.049561643835617,55.78082191780822,857.4,Meerut,0.4288275419392842,4.13000409018866
2023,24.28490410958904,57.17380821917808,1007.27,Meerut,0.4752289621524547,4.291995505148173
2024,25.159726775956283,52.668907103825134,927.64,Meerut,0.447489980148146,3.222999263855295
2015,25.844438356164385,43.22282191780822,631.44,Aligarh,0.3912592403571502,3.045002254063123
2016,26.455519125683058,40.8746174863388,686.07,Aligarh,0.3461319085526362,2.855999173828318
2017,26.212246575342466,42.043506849315065,589.0600000000001,Aligarh,0.3474778136721176,3.2169997721958
2018,25.771424657534247,46.9992602739726,782.17,Aligarh,0.4124950366675434,3.3869999412293907
2019,25.70991780821918,49.25805479452055,601.42,Aligarh,0.3469010973611652,3.193001708532402
2020,25.511803278688525,47.73060109289618,555.76,Aligarh,0.3848948829588733,3.5450004282964174
2021,24.974438356164384,53.848821917808216,971.42,Aligarh,0.3964885765428672,3.7659994490864017
2022,25.69690410958904,53.55534246575343,749.94,Aligarh,0.4116323066144078,3.465000412136976
2023,25.133397260273973,53.60934246575342,782.89,Aligarh,0.4303181655178403,3.601001380449112
2024,25.653797814207653,51.65967213114754,817.63,Aligarh,0.383400468193167,2.448001719913825
2015,26.116438356164384,49.64556164383562,878.09,Jhansi,0.172567998063925,2.073676077547127
2016,26.84142076502732,46.87308743169399,822.39,Jhansi,0.3379343169275037,2.080985010327008
2017,27.361780821917804,41.88432876712329,542.29,Jhansi,0.3125405508705597,1.896062882995258
2018,26.71126027397261,47.25643835616438,912.16,Jhansi,0.3647490986015002,2.721690208283457
2019,25.956657534246578,54.23835616438356,824.62,Jhansi,0.3411132122374698,2.4779107742671185
2020,26.0853825136612,50.97191256830602,651.29,Jhansi,0.3571676171726771,2.698650811478632
2021,26.28687671232877,51.52112328767123,861.17,Jhansi,0.3625897031958005,3.128604395850604
2022,26.140958904109592,54.84293150684932,983.01,Jhansi,0.4362103842002344,2.7838376331755192
2023,25.69008219178082,55.2389589041096,892.72,Jhansi,0.4132735519299916,1.5346059562927032
2024,25.934890710382515,56.41655737704918,1070.03,Jhansi,0.3918529760595541,1.184314560076357
